-- MySQL dump 10.13  Distrib 8.0.15, for Win64 (x86_64)
--
-- Host: localhost    Database: manasport
-- ------------------------------------------------------
-- Server version	8.0.15

/*!40101 SET @OLD_CHARACTER_SET_CLIENT=@@CHARACTER_SET_CLIENT */;
/*!40101 SET @OLD_CHARACTER_SET_RESULTS=@@CHARACTER_SET_RESULTS */;
/*!40101 SET @OLD_COLLATION_CONNECTION=@@COLLATION_CONNECTION */;
 SET NAMES utf8 ;
/*!40103 SET @OLD_TIME_ZONE=@@TIME_ZONE */;
/*!40103 SET TIME_ZONE='+00:00' */;
/*!40014 SET @OLD_UNIQUE_CHECKS=@@UNIQUE_CHECKS, UNIQUE_CHECKS=0 */;
/*!40014 SET @OLD_FOREIGN_KEY_CHECKS=@@FOREIGN_KEY_CHECKS, FOREIGN_KEY_CHECKS=0 */;
/*!40101 SET @OLD_SQL_MODE=@@SQL_MODE, SQL_MODE='NO_AUTO_VALUE_ON_ZERO' */;
/*!40111 SET @OLD_SQL_NOTES=@@SQL_NOTES, SQL_NOTES=0 */;

--
-- Temporary view structure for view `brazil customers`
--

DROP TABLE IF EXISTS `brazil customers`;
/*!50001 DROP VIEW IF EXISTS `brazil customers`*/;
SET @saved_cs_client     = @@character_set_client;
SET character_set_client = utf8mb4;
/*!50001 CREATE VIEW `brazil customers` AS SELECT 
 1 AS `PG`*/;
SET character_set_client = @saved_cs_client;

--
-- Table structure for table `match`
--

DROP TABLE IF EXISTS `match`;
/*!40101 SET @saved_cs_client     = @@character_set_client */;
 SET character_set_client = utf8mb4 ;
CREATE TABLE `match` (
  `MatchId` int(11) NOT NULL AUTO_INCREMENT,
  `date` varchar(45) DEFAULT NULL,
  `localTeamId` int(11) NOT NULL,
  `awayTeamId` int(11) NOT NULL,
  `localteam_score` tinyint(4) DEFAULT NULL,
  `awayteam_score` tinyint(4) DEFAULT NULL,
  `matchday` int(11) DEFAULT NULL,
  `TournamentId` int(11) DEFAULT NULL,
  PRIMARY KEY (`MatchId`),
  KEY `FK_match_tournament_idx` (`TournamentId`),
  KEY `FK_match_teamLocal_idx` (`localTeamId`),
  KEY `FK_match_teamAway_idx` (`awayTeamId`),
  CONSTRAINT `FK_match_teamAway` FOREIGN KEY (`awayTeamId`) REFERENCES `team` (`TeamId`),
  CONSTRAINT `FK_match_teamLocal` FOREIGN KEY (`localTeamId`) REFERENCES `team` (`TeamId`),
  CONSTRAINT `FK_match_tournament` FOREIGN KEY (`TournamentId`) REFERENCES `tournament` (`TournamentId`)
) ENGINE=InnoDB AUTO_INCREMENT=1947 DEFAULT CHARSET=utf8mb4 COLLATE=utf8mb4_0900_ai_ci;
/*!40101 SET character_set_client = @saved_cs_client */;

--
-- Dumping data for table `match`
--

LOCK TABLES `match` WRITE;
/*!40000 ALTER TABLE `match` DISABLE KEYS */;
INSERT INTO `match` VALUES (1187,'25/8/2018',27,37,0,1,1,2),(1188,NULL,37,27,1,1,20,2),(1189,'25/8/2018',28,38,2,3,1,2),(1190,NULL,38,28,1,0,20,2),(1191,'25/8/2018',29,39,2,2,1,2),(1192,NULL,39,29,1,5,20,2),(1193,'25/8/2018',30,40,0,4,1,2),(1194,NULL,40,30,4,1,20,2),(1195,'25/8/2018',31,41,0,0,1,2),(1196,NULL,41,31,1,2,20,2),(1197,'25/8/2018',32,42,4,1,1,2),(1198,NULL,42,32,0,4,20,2),(1199,'25/8/2018',33,43,0,2,1,2),(1200,NULL,43,33,0,3,20,2),(1201,'25/8/2018',34,44,0,2,1,2),(1202,NULL,44,34,0,0,20,2),(1203,'25/8/2018',35,45,1,0,1,2),(1204,NULL,45,35,4,1,20,2),(1205,'25/8/2018',36,46,5,2,1,2),(1206,NULL,46,36,1,4,20,2),(1207,'31/8/2018',27,38,2,2,2,2),(1208,NULL,38,27,1,3,21,2),(1209,'31/8/2018',37,39,0,4,2,2),(1210,NULL,39,37,2,7,21,2),(1211,'31/8/2018',28,40,1,1,2,2),(1212,NULL,40,28,1,1,21,2),(1213,'31/8/2018',29,41,0,0,2,2),(1214,NULL,41,29,1,0,21,2),(1215,'31/8/2018',30,42,0,2,2,2),(1216,NULL,42,30,1,1,21,2),(1217,'31/8/2018',31,43,0,0,2,2),(1218,NULL,43,31,1,1,21,2),(1219,'31/8/2018',32,44,2,2,2,2),(1220,NULL,44,32,4,0,21,2),(1221,'31/8/2018',33,45,2,1,2,2),(1222,NULL,45,33,5,1,21,2),(1223,'31/8/2018',34,46,2,1,2,2),(1224,NULL,46,34,1,1,21,2),(1225,'31/8/2018',35,36,2,1,2,2),(1226,NULL,36,35,1,2,21,2),(1227,'14/9/2018',27,39,0,2,3,2),(1228,NULL,39,27,2,4,22,2),(1229,'14/9/2018',38,40,4,2,3,2),(1230,NULL,40,38,2,0,22,2),(1231,'14/9/2018',37,41,5,3,3,2),(1232,NULL,41,37,2,2,22,2),(1233,'14/9/2018',28,42,3,1,3,2),(1234,NULL,42,28,2,4,22,2),(1235,'14/9/2018',29,43,4,5,3,2),(1236,NULL,43,29,1,3,22,2),(1237,'14/9/2018',30,44,1,2,3,2),(1238,NULL,44,30,0,1,22,2),(1239,'14/9/2018',31,45,0,6,3,2),(1240,NULL,45,31,0,0,22,2),(1241,'14/9/2018',32,46,2,1,3,2),(1242,NULL,46,32,4,2,22,2),(1243,'14/9/2018',33,36,1,1,3,2),(1244,NULL,36,33,2,2,22,2),(1245,'14/9/2018',34,35,3,3,3,2),(1246,NULL,35,34,5,4,22,2),(1247,'21/9/2018',27,40,2,1,4,2),(1248,NULL,40,27,1,0,23,2),(1249,'21/9/2018',39,41,2,0,4,2),(1250,NULL,41,39,3,0,23,2),(1251,'21/9/2018',38,42,1,1,4,2),(1252,NULL,42,38,4,1,23,2),(1253,'21/9/2018',37,43,2,0,4,2),(1254,NULL,43,37,3,1,23,2),(1255,'21/9/2018',28,44,5,4,4,2),(1256,NULL,44,28,4,0,23,2),(1257,'21/9/2018',29,45,1,0,4,2),(1258,NULL,45,29,2,1,23,2),(1259,'21/9/2018',30,46,3,1,4,2),(1260,NULL,46,30,1,1,23,2),(1261,'21/9/2018',31,36,0,1,4,2),(1262,NULL,36,31,0,0,23,2),(1263,'21/9/2018',32,35,0,1,4,2),(1264,NULL,35,32,1,2,23,2),(1265,'21/9/2018',33,34,2,2,4,2),(1266,NULL,34,33,1,2,23,2),(1267,'28/9/2018',27,41,3,2,5,2),(1268,NULL,41,27,0,0,24,2),(1269,'28/9/2018',40,42,4,0,5,2),(1270,NULL,42,40,1,1,24,2),(1271,'28/9/2018',39,43,2,1,5,2),(1272,NULL,43,39,3,1,24,2),(1273,'28/9/2018',38,44,0,1,5,2),(1274,NULL,44,38,0,2,24,2),(1275,'28/9/2018',37,45,1,2,5,2),(1276,NULL,45,37,1,3,24,2),(1277,'28/9/2018',28,46,0,2,5,2),(1278,NULL,46,28,0,5,24,2),(1279,'28/9/2018',29,36,1,4,5,2),(1280,NULL,36,29,0,1,24,2),(1281,'28/9/2018',30,35,1,0,5,2),(1282,NULL,35,30,0,2,24,2),(1283,'28/9/2018',31,34,2,1,5,2),(1284,NULL,34,31,2,3,24,2),(1285,'28/9/2018',32,33,2,5,5,2),(1286,NULL,33,32,2,4,24,2),(1287,'14/10/2018',27,42,2,1,6,2),(1288,NULL,42,27,2,2,25,2),(1289,'14/10/2018',41,43,2,0,6,2),(1290,NULL,43,41,1,1,25,2),(1291,'14/10/2018',40,44,1,2,6,2),(1292,NULL,44,40,0,3,25,2),(1293,'14/10/2018',39,45,0,2,6,2),(1294,NULL,45,39,1,1,25,2),(1295,'14/10/2018',38,46,1,1,6,2),(1296,NULL,46,38,2,0,25,2),(1297,'14/10/2018',37,36,3,2,6,2),(1298,NULL,36,37,2,1,25,2),(1299,'14/10/2018',28,35,1,2,6,2),(1300,NULL,35,28,0,4,25,2),(1301,'14/10/2018',29,34,2,3,6,2),(1302,NULL,34,29,1,1,25,2),(1303,'14/10/2018',30,33,0,4,6,2),(1304,NULL,33,30,3,2,25,2),(1305,'14/10/2018',31,32,1,1,6,2),(1306,NULL,32,31,1,3,25,2),(1307,'21/10/2018',27,43,2,2,7,2),(1308,NULL,43,27,0,1,26,2),(1309,'21/10/2018',42,44,1,2,7,2),(1310,NULL,44,42,2,4,26,2),(1311,'21/10/2018',41,45,0,5,7,2),(1312,NULL,45,41,1,5,26,2),(1313,'21/10/2018',40,46,2,4,7,2),(1314,NULL,46,40,1,1,26,2),(1315,'21/10/2018',39,36,0,0,7,2),(1316,NULL,36,39,3,2,26,2),(1317,'21/10/2018',38,35,1,1,7,2),(1318,NULL,35,38,0,1,26,2),(1319,'21/10/2018',37,34,3,2,7,2),(1320,NULL,34,37,1,3,26,2),(1321,'21/10/2018',28,33,1,6,7,2),(1322,NULL,33,28,1,5,26,2),(1323,'21/10/2018',29,32,2,4,7,2),(1324,NULL,32,29,4,1,26,2),(1325,'21/10/2018',30,31,5,0,7,2),(1326,NULL,31,30,6,0,26,2),(1327,'28/10/2018',27,44,2,1,8,2),(1328,NULL,44,27,1,1,27,2),(1329,'28/10/2018',43,45,4,2,8,2),(1330,NULL,45,43,5,2,27,2),(1331,'28/10/2018',42,46,6,3,8,2),(1332,NULL,46,42,3,5,27,2),(1333,'28/10/2018',41,36,2,2,8,2),(1334,NULL,36,41,1,1,27,2),(1335,'28/10/2018',40,35,4,4,8,2),(1336,NULL,35,40,5,5,27,2),(1337,'28/10/2018',39,34,1,2,8,2),(1338,NULL,34,39,2,3,27,2),(1339,'28/10/2018',38,33,3,5,8,2),(1340,NULL,33,38,2,3,27,2),(1341,'28/10/2018',37,32,1,2,8,2),(1342,NULL,32,37,4,4,27,2),(1343,'28/10/2018',28,31,5,1,8,2),(1344,NULL,31,28,6,2,27,2),(1345,'28/10/2018',29,30,1,3,8,2),(1346,NULL,30,29,4,5,27,2),(1347,'15/11/2018',27,45,5,3,9,2),(1348,NULL,45,27,2,2,28,2),(1349,'15/11/2018',44,46,3,1,9,2),(1350,NULL,46,44,5,4,28,2),(1351,'15/11/2018',43,36,4,5,9,2),(1352,NULL,36,43,1,3,28,2),(1353,'15/11/2018',42,35,1,2,9,2),(1354,NULL,35,42,2,2,28,2),(1355,'15/11/2018',41,34,3,1,9,2),(1356,NULL,34,41,5,1,28,2),(1357,'15/11/2018',40,33,4,4,9,2),(1358,NULL,33,40,1,1,28,2),(1359,'15/11/2018',39,32,2,2,9,2),(1360,NULL,32,39,3,3,28,2),(1361,'15/11/2018',38,31,5,5,9,2),(1362,NULL,31,38,4,4,28,2),(1363,'15/11/2018',37,30,1,1,9,2),(1364,NULL,30,37,1,2,28,2),(1365,'15/11/2018',28,29,1,3,9,2),(1366,NULL,29,28,4,5,28,2),(1367,'22/11/2018',27,46,2,4,10,2),(1368,NULL,46,27,2,1,29,2),(1369,'22/11/2018',45,36,1,2,10,2),(1370,NULL,36,45,4,3,29,2),(1371,'22/11/2018',44,35,2,5,10,2),(1372,NULL,35,44,1,4,29,2),(1373,'22/11/2018',43,34,0,2,10,2),(1374,NULL,34,43,0,1,29,2),(1375,'22/11/2018',42,33,0,3,10,2),(1376,NULL,33,42,1,4,29,2),(1377,'22/11/2018',41,32,1,1,10,2),(1378,NULL,32,41,1,2,29,2),(1379,'22/11/2018',40,31,0,3,10,2),(1380,NULL,31,40,1,5,29,2),(1381,'22/11/2018',39,30,0,4,10,2),(1382,NULL,30,39,2,1,29,2),(1383,'22/11/2018',38,29,2,2,10,2),(1384,NULL,29,38,2,3,29,2),(1385,'22/11/2018',37,28,2,5,10,2),(1386,NULL,28,37,1,2,29,2),(1387,'29/11/2018',27,36,1,1,11,2),(1388,NULL,36,27,1,4,30,2),(1389,'29/11/2018',46,35,1,1,11,2),(1390,NULL,35,46,4,2,30,2),(1391,'29/11/2018',45,34,4,5,11,2),(1392,NULL,34,45,0,3,30,2),(1393,'29/11/2018',44,33,0,2,11,2),(1394,NULL,33,44,1,1,30,2),(1395,'29/11/2018',43,32,4,4,11,2),(1396,NULL,32,43,2,5,30,2),(1397,'29/11/2018',42,31,3,6,11,2),(1398,NULL,31,42,1,3,30,2),(1399,'29/11/2018',41,30,0,2,11,2),(1400,NULL,30,41,1,1,30,2),(1401,'29/11/2018',40,29,0,0,11,2),(1402,NULL,29,40,1,0,30,2),(1403,'29/11/2018',39,28,0,0,11,2),(1404,NULL,28,39,2,2,30,2),(1405,'29/11/2018',38,37,3,1,11,2),(1406,NULL,37,38,2,0,30,2),(1407,'06/12/2018',27,35,1,2,12,2),(1408,NULL,35,27,2,3,31,2),(1409,'06/12/2018',36,34,3,5,12,2),(1410,NULL,34,36,5,4,31,2),(1411,'06/12/2018',46,33,4,1,12,2),(1412,NULL,33,46,1,0,31,2),(1413,'06/12/2018',45,32,0,2,12,2),(1414,NULL,32,45,3,1,31,2),(1415,'06/12/2018',44,31,2,1,12,2),(1416,NULL,31,44,1,0,31,2),(1417,'06/12/2018',43,30,1,2,12,2),(1418,NULL,30,43,5,1,31,2),(1419,'06/12/2018',42,29,4,4,12,2),(1420,NULL,29,42,2,0,31,2),(1421,'06/12/2018',41,28,0,2,12,2),(1422,NULL,28,41,1,3,31,2),(1423,'06/12/2018',40,37,2,5,12,2),(1424,NULL,37,40,3,4,31,2),(1425,'06/12/2018',39,38,2,1,12,2),(1426,NULL,38,39,1,2,31,2),(1427,'12/12/2018',27,34,0,0,13,2),(1428,NULL,34,27,2,2,32,2),(1429,'12/12/2018',35,33,3,1,13,2),(1430,NULL,33,35,7,2,32,2),(1431,'12/12/2018',36,32,5,3,13,2),(1432,NULL,32,36,4,5,32,2),(1433,'12/12/2018',46,31,2,4,13,2),(1434,NULL,31,46,1,2,32,2),(1435,'12/12/2018',45,30,3,1,13,2),(1436,NULL,30,45,2,3,32,2),(1437,'12/12/2018',44,29,1,5,13,2),(1438,NULL,29,44,0,4,32,2),(1439,'12/12/2018',43,28,2,2,13,2),(1440,NULL,28,43,0,3,32,2),(1441,'12/12/2018',42,37,0,1,13,2),(1442,NULL,37,42,0,8,32,2),(1443,'12/12/2018',41,38,2,6,13,2),(1444,NULL,38,41,1,5,32,2),(1445,'12/12/2018',40,39,2,4,13,2),(1446,NULL,39,40,3,1,32,2),(1447,'12/12/2018',27,33,2,2,14,2),(1448,NULL,33,27,1,3,33,2),(1449,'12/12/2018',34,32,0,5,14,2),(1450,NULL,32,34,1,3,33,2),(1451,NULL,35,31,2,2,14,2),(1452,NULL,31,35,3,4,33,2),(1453,NULL,36,30,2,1,14,2),(1454,NULL,30,36,1,2,33,2),(1455,NULL,46,29,0,1,14,2),(1456,NULL,29,46,1,2,33,2),(1457,NULL,45,28,2,1,14,2),(1458,NULL,28,45,0,4,33,2),(1459,NULL,44,37,1,5,14,2),(1460,NULL,37,44,2,1,33,2),(1461,NULL,43,38,3,2,14,2),(1462,NULL,38,43,5,4,33,2),(1463,NULL,42,39,4,5,14,2),(1464,NULL,39,42,1,2,33,2),(1465,NULL,41,40,2,2,14,2),(1466,NULL,40,41,3,4,33,2),(1467,NULL,27,32,0,1,15,2),(1468,NULL,32,27,0,5,34,2),(1469,NULL,33,31,1,2,15,2),(1470,NULL,31,33,4,3,34,2),(1471,NULL,34,30,1,1,15,2),(1472,NULL,30,34,2,4,34,2),(1473,NULL,35,29,3,1,15,2),(1474,NULL,29,35,1,2,34,2),(1475,NULL,36,28,1,3,15,2),(1476,NULL,28,36,4,5,34,2),(1477,NULL,46,37,2,4,15,2),(1478,NULL,37,46,0,1,34,2),(1479,NULL,45,38,0,2,15,2),(1480,NULL,38,45,0,3,34,2),(1481,NULL,44,39,1,5,15,2),(1482,NULL,39,44,0,4,34,2),(1483,NULL,43,40,1,1,15,2),(1484,NULL,40,43,0,2,34,2),(1485,NULL,42,41,6,3,15,2),(1486,NULL,41,42,5,1,34,2),(1487,NULL,27,31,4,1,16,2),(1488,NULL,31,27,1,1,35,2),(1489,NULL,32,30,2,2,16,2),(1490,NULL,30,32,3,3,35,2),(1491,NULL,33,29,3,3,16,2),(1492,NULL,29,33,2,1,35,2),(1493,NULL,34,28,1,4,16,2),(1494,NULL,28,34,5,2,35,2),(1495,NULL,35,37,0,4,16,2),(1496,NULL,37,35,1,2,35,2),(1497,NULL,36,38,2,3,16,2),(1498,NULL,38,36,0,5,35,2),(1499,NULL,46,39,1,4,16,2),(1500,NULL,39,46,2,1,35,2),(1501,NULL,45,40,3,2,16,2),(1502,NULL,40,45,2,3,35,2),(1503,NULL,44,41,0,4,16,2),(1504,NULL,41,44,1,4,35,2),(1505,NULL,43,42,1,4,16,2),(1506,NULL,42,43,4,5,35,2),(1507,NULL,27,30,0,4,17,2),(1508,NULL,30,27,NULL,NULL,36,2),(1509,NULL,31,29,1,1,17,2),(1510,NULL,29,31,NULL,NULL,36,2),(1511,NULL,32,28,0,2,17,2),(1512,NULL,28,32,NULL,NULL,36,2),(1513,NULL,33,37,1,1,17,2),(1514,NULL,37,33,NULL,NULL,36,2),(1515,NULL,34,38,2,3,17,2),(1516,NULL,38,34,NULL,NULL,36,2),(1517,NULL,35,39,5,0,17,2),(1518,NULL,39,35,NULL,NULL,36,2),(1519,NULL,36,40,3,4,17,2),(1520,NULL,40,36,NULL,NULL,36,2),(1521,NULL,46,41,2,1,17,2),(1522,NULL,41,46,NULL,NULL,36,2),(1523,NULL,45,42,0,0,17,2),(1524,NULL,42,45,NULL,NULL,36,2),(1525,NULL,44,43,2,2,17,2),(1526,NULL,43,44,NULL,NULL,36,2),(1527,NULL,27,29,3,1,18,2),(1528,NULL,29,27,NULL,NULL,37,2),(1529,NULL,30,28,2,0,18,2),(1530,NULL,28,30,NULL,NULL,37,2),(1531,NULL,31,37,1,1,18,2),(1532,NULL,37,31,NULL,NULL,37,2),(1533,NULL,32,38,0,2,18,2),(1534,NULL,38,32,NULL,NULL,37,2),(1535,NULL,33,39,1,1,18,2),(1536,NULL,39,33,NULL,NULL,37,2),(1537,NULL,34,40,2,3,18,2),(1538,NULL,40,34,NULL,NULL,37,2),(1539,NULL,35,41,3,0,18,2),(1540,NULL,41,35,NULL,NULL,37,2),(1541,NULL,36,42,1,1,18,2),(1542,NULL,42,36,NULL,NULL,37,2),(1543,NULL,46,43,1,3,18,2),(1544,NULL,43,46,NULL,NULL,37,2),(1545,NULL,45,44,0,2,18,2),(1546,NULL,44,45,NULL,NULL,37,2),(1547,NULL,27,28,1,0,19,2),(1548,NULL,28,27,NULL,NULL,38,2),(1549,NULL,29,37,2,0,19,2),(1550,NULL,37,29,NULL,NULL,38,2),(1551,NULL,30,38,1,1,19,2),(1552,NULL,38,30,NULL,NULL,38,2),(1553,NULL,31,39,0,2,19,2),(1554,NULL,39,31,NULL,NULL,38,2),(1555,NULL,32,40,2,0,19,2),(1556,NULL,40,32,NULL,NULL,38,2),(1557,NULL,33,41,4,1,19,2),(1558,NULL,41,33,NULL,NULL,38,2),(1559,NULL,34,42,0,0,19,2),(1560,NULL,42,34,NULL,NULL,38,2),(1561,NULL,35,43,1,0,19,2),(1562,NULL,43,35,NULL,NULL,38,2),(1563,NULL,36,44,3,1,19,2),(1564,NULL,44,36,NULL,NULL,38,2),(1565,NULL,46,45,4,1,19,2),(1566,NULL,45,46,NULL,NULL,38,2),(1567,'25/8/2018',1,11,3,1,1,1),(1568,'14/2/2019',11,1,0,2,20,1),(1569,'25/8/2018',2,12,1,3,1,1),(1570,'14/2/2019',12,2,0,4,20,1),(1571,'25/8/2018',3,13,4,5,1,1),(1572,'14/2/2019',13,3,1,1,20,1),(1573,'25/8/2018',4,14,1,2,1,1),(1574,'14/2/2019',14,4,2,3,20,1),(1575,'25/8/2018',5,15,1,1,1,1),(1576,'14/2/2019',15,5,5,0,20,1),(1577,'25/8/2018',6,16,4,0,1,1),(1578,'14/2/2019',16,6,6,1,20,1),(1579,'25/8/2018',7,17,4,2,1,1),(1580,'14/2/2019',17,7,6,1,20,1),(1581,'25/8/2018',8,18,1,1,1,1),(1582,'14/2/2019',18,8,2,0,20,1),(1583,'25/8/2018',9,20,1,0,1,1),(1584,'14/2/2019',20,9,0,1,20,1),(1585,'25/8/2018',10,21,1,1,1,1),(1586,'14/2/2019',21,10,4,2,20,1),(1587,'31/8/2018',1,12,4,3,2,1),(1588,'22/2/2019',12,1,5,3,21,1),(1589,'31/8/2018',11,13,2,2,2,1),(1590,'22/2/2019',13,11,1,1,21,1),(1591,'31/8/2018',2,14,0,1,2,1),(1592,'22/2/2019',14,2,1,4,21,1),(1593,'31/8/2018',3,15,1,4,2,1),(1594,'22/2/2019',15,3,2,1,21,1),(1595,'31/8/2018',4,16,4,2,2,1),(1596,'22/2/2019',16,4,5,0,21,1),(1597,'31/8/2018',5,17,4,1,2,1),(1598,'22/2/2019',17,5,1,0,21,1),(1599,'31/8/2018',6,18,1,2,2,1),(1600,'22/2/2019',18,6,0,2,21,1),(1601,'31/8/2018',7,20,2,1,2,1),(1602,'22/2/2019',20,7,1,1,21,1),(1603,'31/8/2018',8,21,4,0,2,1),(1604,'22/2/2019',21,8,5,0,21,1),(1605,'31/8/2018',9,10,2,1,2,1),(1606,'22/2/2019',10,9,1,1,21,1),(1607,'14/9/2018',1,13,0,2,3,1),(1608,'1/3/2019',13,1,1,2,22,1),(1609,'14/9/2018',12,14,1,3,3,1),(1610,'1/3/2019',14,12,1,3,22,1),(1611,'14/9/2018',11,15,1,5,3,1),(1612,'1/3/2019',15,11,2,2,22,1),(1613,'14/9/2018',2,16,2,1,3,1),(1614,'1/3/2019',16,2,0,4,22,1),(1615,'14/9/2018',3,17,0,1,3,1),(1616,'1/3/2019',17,3,4,2,22,1),(1617,'14/9/2018',4,18,2,3,3,1),(1618,'1/3/2019',18,4,2,3,22,1),(1619,'14/9/2018',5,20,2,2,3,1),(1620,'1/3/2019',20,5,3,1,22,1),(1621,'14/9/2018',6,21,3,0,3,1),(1622,'1/3/2019',21,6,5,0,22,1),(1623,'14/9/2018',7,10,5,1,3,1),(1624,'1/3/2019',10,7,4,2,22,1),(1625,'14/9/2018',8,9,0,3,3,1),(1626,'1/3/2019',9,8,0,2,22,1),(1627,'21/9/2018',1,14,0,0,4,1),(1628,'8/3/2019',14,1,1,1,23,1),(1629,'21/9/2018',13,15,1,2,4,1),(1630,'8/3/2019',15,13,1,3,23,1),(1631,'21/9/2018',12,16,2,5,4,1),(1632,'8/3/2019',16,12,3,4,23,1),(1633,'21/9/2018',11,17,3,1,4,1),(1634,'8/3/2019',17,11,5,2,23,1),(1635,'21/9/2018',2,18,5,3,4,1),(1636,'8/3/2019',18,2,4,0,23,1),(1637,'21/9/2018',3,20,4,1,4,1),(1638,'8/3/2019',20,3,1,4,23,1),(1639,'21/9/2018',4,21,1,1,4,1),(1640,'8/3/2019',21,4,0,2,23,1),(1641,'21/9/2018',5,10,0,3,4,1),(1642,'8/3/2019',10,5,1,2,23,1),(1643,'21/9/2018',6,9,1,1,4,1),(1644,'8/3/2019',9,6,4,4,23,1),(1645,'21/9/2018',7,8,4,0,4,1),(1646,'8/3/2019',8,7,5,0,23,1),(1647,'28/9/2018',1,15,5,1,5,1),(1648,'15/3/2019',15,1,6,2,24,1),(1649,'28/9/2018',14,16,3,3,5,1),(1650,'15/3/2019',16,14,0,3,24,1),(1651,'28/9/2018',13,17,0,2,5,1),(1652,'15/3/2019',17,13,1,1,24,1),(1653,'28/9/2018',12,18,1,4,5,1),(1654,'15/3/2019',18,12,1,1,24,1),(1655,'28/9/2018',11,20,0,0,5,1),(1656,'15/3/2019',20,11,0,1,24,1),(1657,'28/9/2018',2,21,1,0,5,1),(1658,'15/3/2019',21,2,1,0,24,1),(1659,'28/9/2018',3,10,2,0,5,1),(1660,'15/3/2019',10,3,2,0,24,1),(1661,'28/9/2018',4,9,3,1,5,1),(1662,'15/3/2019',9,4,3,1,24,1),(1663,'28/9/2018',5,8,5,2,5,1),(1664,'15/3/2019',8,5,4,3,24,1),(1665,'28/9/2018',6,7,1,2,5,1),(1666,'15/3/2019',7,6,0,1,24,1),(1667,'28/9/2018',1,16,2,4,6,1),(1668,'22/3/2019',16,1,1,1,25,1),(1669,'14/10/2018',15,17,4,0,6,1),(1670,'22/3/2019',17,15,1,0,25,1),(1671,'14/10/2018',14,18,2,2,6,1),(1672,'22/3/2019',18,14,0,3,25,1),(1673,'14/10/2018',13,20,1,1,6,1),(1674,'22/3/2019',20,13,2,4,25,1),(1675,'14/10/2018',12,21,1,1,6,1),(1676,'22/3/2019',21,12,4,2,25,1),(1677,'14/10/2018',11,10,2,3,6,1),(1678,'22/3/2019',10,11,3,2,25,1),(1679,'14/10/2018',2,9,0,2,6,1),(1680,'22/3/2019',9,2,2,0,25,1),(1681,'14/10/2018',3,8,1,1,6,1),(1682,'22/3/2019',8,3,4,2,25,1),(1683,'14/10/2018',4,7,2,3,6,1),(1684,'22/3/2019',7,4,3,2,25,1),(1685,'14/10/2018',5,6,2,1,6,1),(1686,'22/3/2019',6,5,0,0,25,1),(1687,'21/10/2018',1,17,1,1,7,1),(1688,'29/3/2019',17,1,4,2,26,1),(1689,'21/10/2018',16,18,1,3,7,1),(1690,'29/3/2019',18,16,2,2,26,1),(1691,'21/10/2018',15,20,3,1,7,1),(1692,'29/3/2019',20,15,0,0,26,1),(1693,'21/10/2018',14,21,1,1,7,1),(1694,'29/3/2019',21,14,4,2,26,1),(1695,'21/10/2018',13,10,1,3,7,1),(1696,'29/3/2019',10,13,2,2,26,1),(1697,'21/10/2018',12,9,3,1,7,1),(1698,'29/3/2019',9,12,2,0,26,1),(1699,'21/10/2018',11,8,0,3,7,1),(1700,'29/3/2019',8,11,1,2,26,1),(1701,'21/10/2018',2,7,4,1,7,1),(1702,'29/3/2019',7,2,4,0,26,1),(1703,'21/10/2018',3,6,1,1,7,1),(1704,'29/3/2019',6,3,1,2,26,1),(1705,'21/10/2018',4,5,1,3,7,1),(1706,'29/3/2019',5,4,0,3,26,1),(1707,'28/10/2018',1,18,2,1,8,1),(1708,'7/4/2019',18,1,2,1,27,1),(1709,'28/10/2018',17,20,0,1,8,1),(1710,'7/4/2019',20,17,0,0,27,1),(1711,'28/10/2018',16,21,0,4,8,1),(1712,'7/4/2019',21,16,1,5,27,1),(1713,'28/10/2018',15,10,2,6,8,1),(1714,'7/4/2019',10,15,2,2,27,1),(1715,'28/10/2018',14,9,3,1,8,1),(1716,'7/4/2019',9,14,3,2,27,1),(1717,'28/10/2018',13,8,3,0,8,1),(1718,'7/4/2019',8,13,2,0,27,1),(1719,'28/10/2018',12,7,2,1,8,1),(1720,'7/4/2019',7,12,2,2,27,1),(1721,'28/10/2018',11,6,0,3,8,1),(1722,'7/4/2019',6,11,0,3,27,1),(1723,'28/10/2018',2,5,1,2,8,1),(1724,'7/4/2019',5,2,1,1,27,1),(1725,'28/10/2018',3,4,1,0,8,1),(1726,'7/4/2019',4,3,4,1,27,1),(1727,'6/11/2018',1,20,4,2,9,1),(1728,'14/4/2019',20,1,4,3,28,1),(1729,'6/11/2018',18,21,1,3,9,1),(1730,'14/4/2019',21,18,1,2,28,1),(1731,'6/11/2018',17,10,1,1,9,1),(1732,'14/4/2019',10,17,2,0,28,1),(1733,'6/11/2018',16,9,2,1,9,1),(1734,'14/4/2019',9,16,0,1,28,1),(1735,'6/11/2018',15,8,0,1,9,1),(1736,'14/4/2019',8,15,1,0,28,1),(1737,'6/11/2018',14,7,1,0,9,1),(1738,'14/4/2019',7,14,2,1,28,1),(1739,'6/11/2018',13,6,2,1,9,1),(1740,'14/4/2019',6,13,2,2,28,1),(1741,'6/11/2018',12,5,1,2,9,1),(1742,'14/4/2019',5,12,1,3,28,1),(1743,'6/11/2018',11,4,1,3,9,1),(1744,'14/4/2019',4,11,1,2,28,1),(1745,'6/11/2018',2,3,0,1,9,1),(1746,'14/4/2019',3,2,0,0,28,1),(1747,'13/11/2018',1,21,0,2,10,1),(1748,'21/4/2019',21,1,0,1,29,1),(1749,'13/11/2018',20,10,0,2,10,1),(1750,'21/4/2019',10,20,1,0,29,1),(1751,'13/11/2018',18,9,1,3,10,1),(1752,'21/4/2019',9,18,1,2,29,1),(1753,'13/11/2018',17,8,1,1,10,1),(1754,'21/4/2019',8,17,4,0,29,1),(1755,'13/11/2018',16,7,1,1,10,1),(1756,'21/4/2019',7,16,2,4,29,1),(1757,'13/11/2018',15,6,3,1,10,1),(1758,'21/4/2019',6,15,6,2,29,1),(1759,'13/11/2018',14,5,5,3,10,1),(1760,'21/4/2019',5,14,4,0,29,1),(1761,'13/11/2018',13,4,1,1,10,1),(1762,'21/4/2019',4,13,2,2,29,1),(1763,'13/11/2018',12,3,1,3,10,1),(1764,'21/4/2019',3,12,2,2,29,1),(1765,'13/11/2018',11,2,1,1,10,1),(1766,'21/4/2019',2,11,0,0,29,1),(1767,'24/11/2018',1,10,1,2,11,1),(1768,'29/4/2019',10,1,0,1,30,1),(1769,'24/11/2018',21,9,0,4,11,1),(1770,'29/4/2019',9,21,1,1,30,1),(1771,'24/11/2018',20,8,0,2,11,1),(1772,'29/4/2019',8,20,1,3,30,1),(1773,'24/11/2018',18,7,1,0,11,1),(1774,'29/4/2019',7,18,0,1,30,1),(1775,'24/11/2018',17,6,0,2,11,1),(1776,'29/4/2019',6,17,1,3,30,1),(1777,'24/11/2018',16,5,0,2,11,1),(1778,'29/4/2019',5,16,1,1,30,1),(1779,'24/11/2018',15,4,0,1,11,1),(1780,'29/4/2019',4,15,1,2,30,1),(1781,'24/11/2018',14,3,0,0,11,1),(1782,'29/4/2019',3,14,1,1,30,1),(1783,'24/11/2018',13,2,0,2,11,1),(1784,'29/4/2019',2,13,1,3,30,1),(1785,'24/11/2018',12,11,0,2,11,1),(1786,'29/4/2019',11,12,1,1,30,1),(1787,'1/12/2018',1,9,0,0,12,1),(1788,'7/5/2019',9,1,1,1,31,1),(1789,'1/12/2018',10,8,1,2,12,1),(1790,'7/5/2019',8,10,0,3,31,1),(1791,'1/12/2018',21,7,1,2,12,1),(1792,'7/5/2019',7,21,2,1,31,1),(1793,'1/12/2018',20,6,1,0,12,1),(1794,'7/5/2019',6,20,0,1,31,1),(1795,'1/12/2018',18,5,1,4,12,1),(1796,'7/5/2019',5,18,2,1,31,1),(1797,'1/12/2018',17,4,3,2,12,1),(1798,'7/5/2019',4,17,2,3,31,1),(1799,'1/12/2018',16,3,1,2,12,1),(1800,'7/5/2019',3,16,0,0,31,1),(1801,'1/12/2018',15,2,1,1,12,1),(1802,'7/5/2019',2,15,2,1,31,1),(1803,'1/12/2018',14,11,0,2,12,1),(1804,'7/5/2019',11,14,1,1,31,1),(1805,'1/12/2018',13,12,0,2,12,1),(1806,'7/5/2019',12,13,1,2,31,1),(1807,'8/12/2018',1,8,1,3,13,1),(1808,'14/5/2019',8,1,0,3,32,1),(1809,'8/12/2018',9,7,2,2,13,1),(1810,'14/5/2019',7,9,2,1,32,1),(1811,'8/12/2018',10,6,1,0,13,1),(1812,'14/5/2019',6,10,0,0,32,1),(1813,'8/12/2018',21,5,1,0,13,1),(1814,'14/5/2019',5,21,1,1,32,1),(1815,'8/12/2018',20,4,2,2,13,1),(1816,'14/5/2019',4,20,2,3,32,1),(1817,'8/12/2018',18,3,0,2,13,1),(1818,'14/5/2019',3,18,1,1,32,1),(1819,'8/12/2018',17,2,4,0,13,1),(1820,'14/5/2019',2,17,1,1,32,1),(1821,'8/12/2018',16,11,2,2,13,1),(1822,'14/5/2019',11,16,0,3,32,1),(1823,'8/12/2018',15,12,1,2,13,1),(1824,'14/5/2019',12,15,2,1,32,1),(1825,'8/12/2018',14,13,1,0,13,1),(1826,'14/5/2019',13,14,0,1,32,1),(1827,'15/12/2018',1,7,4,2,14,1),(1828,'21/5/2019',7,1,1,3,33,1),(1829,'15/12/2018',8,6,2,2,14,1),(1830,'21/5/2019',6,8,0,1,33,1),(1831,'15/12/2018',9,5,1,0,14,1),(1832,'21/5/2019',5,9,4,1,33,1),(1833,'15/12/2018',10,4,1,2,14,1),(1834,'21/5/2019',4,10,2,3,33,1),(1835,'15/12/2018',21,3,0,3,14,1),(1836,'21/5/2019',3,21,1,2,33,1),(1837,'15/12/2018',20,2,1,1,14,1),(1838,'21/5/2019',2,20,1,0,33,1),(1839,'15/12/2018',18,11,1,1,14,1),(1840,'21/5/2019',11,18,2,1,33,1),(1841,'15/12/2018',17,12,0,1,14,1),(1842,'21/5/2019',12,17,3,1,33,1),(1843,'15/12/2018',16,13,2,1,14,1),(1844,'21/5/2019',13,16,1,2,33,1),(1845,'15/12/2018',15,14,2,2,14,1),(1846,'21/5/2019',14,15,3,3,33,1),(1847,'22/12/2018',1,6,3,2,15,1),(1848,'28/5/2019',6,1,3,5,34,1),(1849,'22/12/2018',7,5,2,4,15,1),(1850,'28/5/2019',5,7,0,1,34,1),(1851,'22/12/2018',8,4,1,2,15,1),(1852,'28/5/2019',4,8,5,0,34,1),(1853,'22/12/2018',9,3,6,3,15,1),(1854,'28/5/2019',3,9,4,2,34,1),(1855,'22/12/2018',10,2,0,1,15,1),(1856,'28/5/2019',2,10,1,0,34,1),(1857,'22/12/2018',21,11,2,1,15,1),(1858,'28/5/2019',11,21,3,2,34,1),(1859,'22/12/2018',20,12,2,3,15,1),(1860,'28/5/2019',12,20,1,5,34,1),(1861,'22/12/2018',18,13,0,4,15,1),(1862,'28/5/2019',13,18,1,1,34,1),(1863,'22/12/2018',17,14,2,2,15,1),(1864,'28/5/2019',14,17,3,3,34,1),(1865,'22/12/2018',16,15,2,0,15,1),(1866,'28/5/2019',15,16,1,1,34,1),(1867,'29/12/2018',1,5,0,2,16,1),(1868,'7/6/2019',5,1,1,3,35,1),(1869,'29/12/2018',6,4,4,6,16,1),(1870,'7/6/2019',4,6,4,5,35,1),(1871,'29/12/2018',7,3,1,4,16,1),(1872,'7/6/2019',3,7,0,1,35,1),(1873,'29/12/2018',8,2,1,2,16,1),(1874,'7/6/2019',2,8,2,3,35,1),(1875,'29/12/2018',9,11,3,0,16,1),(1876,'7/6/2019',11,9,2,1,35,1),(1877,'29/12/2018',10,12,0,2,16,1),(1878,'7/6/2019',12,10,1,3,35,1),(1879,'29/12/2018',21,13,2,1,16,1),(1880,'7/6/2019',13,21,3,2,35,1),(1881,'29/12/2018',20,14,1,0,16,1),(1882,'7/6/2019',14,20,0,1,35,1),(1883,'29/12/2018',18,15,0,4,16,1),(1884,'7/6/2019',15,18,0,5,35,1),(1885,'29/12/2018',17,16,0,2,16,1),(1886,'7/6/2019',16,17,1,3,35,1),(1887,'14/1/2019',1,4,2,2,17,1),(1888,'14/6/2019',4,1,NULL,NULL,36,1),(1889,'14/1/2019',5,3,2,0,17,1),(1890,'14/6/2019',3,5,NULL,NULL,36,1),(1891,'14/1/2019',6,2,0,1,17,1),(1892,'14/6/2019',2,6,NULL,NULL,36,1),(1893,'14/1/2019',7,11,2,2,17,1),(1894,'14/6/2019',11,7,NULL,NULL,36,1),(1895,'14/1/2019',8,12,1,3,17,1),(1896,'14/6/2019',12,8,NULL,NULL,36,1),(1897,'14/1/2019',9,13,1,6,17,1),(1898,'14/6/2019',13,9,NULL,NULL,36,1),(1899,'14/1/2019',10,14,0,5,17,1),(1900,'14/6/2019',14,10,NULL,NULL,36,1),(1901,'14/1/2019',21,15,2,4,17,1),(1902,'14/6/2019',15,21,NULL,NULL,36,1),(1903,'14/1/2019',20,16,1,1,17,1),(1904,'14/6/2019',16,20,NULL,NULL,36,1),(1905,'14/1/2019',18,17,0,1,17,1),(1906,'14/6/2019',17,18,NULL,NULL,36,1),(1907,'21/1/2019',1,3,1,0,18,1),(1908,'19/6/2019',3,1,NULL,NULL,37,1),(1909,'21/1/2019',4,2,2,0,18,1),(1910,'19/6/2019',2,4,NULL,NULL,37,1),(1911,'21/1/2019',5,11,0,0,18,1),(1912,'19/6/2019',11,5,NULL,NULL,37,1),(1913,'21/1/2019',6,12,1,1,18,1),(1914,'19/6/2019',12,6,NULL,NULL,37,1),(1915,'21/1/2019',7,13,2,2,18,1),(1916,'19/6/2019',13,7,NULL,NULL,37,1),(1917,'21/1/2019',8,14,3,3,18,1),(1918,'19/6/2019',14,8,NULL,NULL,37,1),(1919,'21/1/2019',9,15,2,1,18,1),(1920,'19/6/2019',15,9,NULL,NULL,37,1),(1921,'21/1/2019',10,16,0,0,18,1),(1922,'19/6/2019',16,10,NULL,NULL,37,1),(1923,'21/1/2019',21,17,0,1,18,1),(1924,'19/6/2019',17,21,NULL,NULL,37,1),(1925,'21/1/2019',20,18,1,3,18,1),(1926,'19/6/2019',18,20,NULL,NULL,37,1),(1927,'28/1/2019',1,2,0,4,19,1),(1928,'26/6/2019',2,1,NULL,NULL,38,1),(1929,'28/1/2019',3,11,1,0,19,1),(1930,'26/6/2019',11,3,NULL,NULL,38,1),(1931,'28/1/2019',4,12,2,1,19,1),(1932,'26/6/2019',12,4,NULL,NULL,38,1),(1933,'28/1/2019',5,13,3,1,19,1),(1934,'26/6/2019',13,5,NULL,NULL,38,1),(1935,'28/1/2019',6,14,0,2,19,1),(1936,'26/6/2019',14,6,NULL,NULL,38,1),(1937,'28/1/2019',7,15,1,5,19,1),(1938,'26/6/2019',15,7,NULL,NULL,38,1),(1939,'28/1/2019',8,16,0,4,19,1),(1940,'26/6/2019',16,8,NULL,NULL,38,1),(1941,'28/1/2019',9,17,2,1,19,1),(1942,'26/6/2019',17,9,NULL,NULL,38,1),(1943,'28/1/2019',10,18,3,0,19,1),(1944,'26/6/2019',18,10,NULL,NULL,38,1),(1945,'28/1/2019',21,20,1,0,19,1),(1946,'26/6/2019',20,21,NULL,NULL,38,1);
/*!40000 ALTER TABLE `match` ENABLE KEYS */;
UNLOCK TABLES;

--
-- Table structure for table `player`
--

DROP TABLE IF EXISTS `player`;
/*!40101 SET @saved_cs_client     = @@character_set_client */;
 SET character_set_client = utf8mb4 ;
CREATE TABLE `player` (
  `PlayerId` int(11) NOT NULL AUTO_INCREMENT,
  `name` varchar(20) NOT NULL,
  `surname` varchar(30) NOT NULL,
  `age` tinyint(4) DEFAULT NULL,
  `position` varchar(10) NOT NULL,
  `goals` smallint(6) NOT NULL DEFAULT '0',
  `image` varchar(300) DEFAULT NULL,
  `TeamId` int(11) NOT NULL,
  PRIMARY KEY (`PlayerId`),
  KEY `fk_player_team_idx` (`TeamId`),
  CONSTRAINT `fk_player_team` FOREIGN KEY (`TeamId`) REFERENCES `team` (`TeamId`)
) ENGINE=InnoDB AUTO_INCREMENT=271 DEFAULT CHARSET=utf8mb4 COLLATE=utf8mb4_0900_ai_ci;
/*!40101 SET character_set_client = @saved_cs_client */;

--
-- Dumping data for table `player`
--

LOCK TABLES `player` WRITE;
/*!40000 ALTER TABLE `player` DISABLE KEYS */;
INSERT INTO `player` VALUES (1,'Juan Luis','Moreno Calderon',19,'Delantero',56,NULL,1),(11,'Manuel','Martín Rodriguez',25,'Portero',0,NULL,1),(12,'Raul','Bonachera',35,'ExtremoIzq',7,NULL,1),(22,'Ronaldinho','Gaucho',34,'ExtremoIzq',23,NULL,1),(23,'Leo','Messi',32,'Delantero',35,NULL,1),(24,'Victor','Mejia',17,'Central',4,NULL,1),(26,'Cristiano','Ronaldo',41,'ExtremoIzq',3,NULL,1),(27,'Luis','Suarez',34,'Delantero',21,NULL,1),(28,'Carles','Puyol',45,'Central',10,NULL,1),(29,'Rodrigo','Sarmiento Calderon',29,'Delantero',34,NULL,1),(39,'Victor','Valdes',41,'Portero',0,NULL,1),(40,'Fernando','Torres',23,'Delantero',32,NULL,1),(41,'Iker ','Casillas',44,'Portero',0,NULL,1),(42,'Juan ','Carlos Valerón',24,'Medio',21,NULL,1),(43,'David ','Villa',45,'Delantero',42,NULL,1),(44,'Joaquín ','Sanchez',45,'ExtremoDer',21,NULL,1),(45,'Fernando','Portillo',31,'Delantero',2,NULL,2),(57,'Cristina','Nunez Parra',26,'Delantero',23,NULL,2),(88,'Fernando','Pacheco',26,'Portero',0,NULL,2),(139,'Antonio ','Sivera',21,'Delantero',8,NULL,2),(140,'Saúl','García',25,'ExtremoIzq',6,NULL,2),(141,'Rafa','Navarro',26,'Central',1,NULL,2),(142,'Oliver','Verdon',31,'Delantero',23,NULL,2),(143,'Tachi','García',38,'ExtremoDer',14,NULL,2),(144,'Rubén','Duarte',25,'Portero',0,NULL,2),(145,'Rodrigo','Ely',18,'ExtremoIzq',11,NULL,2),(146,'Victor','Laguardia',19,'Medio',2,NULL,2),(147,'Guillermo','Maripán',20,'Central',1,NULL,2),(148,'XImo','Navarro',25,'Delantero',0,NULL,2),(149,'Adrian','Marin',29,'Central',0,NULL,2),(150,'Martín','Aguirregabiria',30,'ExtremoDer',0,NULL,2),(151,'Nando','García',31,'LateralIzq',0,NULL,2),(152,'Aleix','Vidal',28,'Delantero',12,NULL,3),(153,'Jeando','Fuchs',35,'LateralDer',1,NULL,3),(154,'Pere','Pons',34,'Medio',2,NULL,3),(155,'Javier','Muñoz',24,'Medio',1,NULL,3),(156,'Tomás','Pina',19,'LateralDer',0,NULL,3),(157,'Burgui','Vidal',18,'Delantero',14,NULL,3),(158,'Dani','Torres',20,'Central',0,NULL,3),(159,'Mubarak','García',21,'Medio',8,NULL,3),(160,'Joselu','Wakaso',20,'Central',0,NULL,3),(161,'John','Guidetti',29,'LateralIzq',0,NULL,3),(162,'Patrick','Twusami',17,'Portero',0,NULL,3),(163,'Ermedin','Demirovic',19,'Medio',1,NULL,3),(186,'Antonio','Adán',20,'Portero',0,NULL,3),(187,'Jan','Oblak',21,'Medio',2,NULL,3),(188,'José','Gimenezz',26,'Medio',5,NULL,3),(189,'Santiago','Arias',25,'LateralIzq',1,NULL,3),(190,'Renan','Lodi',24,'Central',0,NULL,4),(191,'Stefan','Savic',18,'Portero',0,NULL,4),(192,'Felipe','Martín',17,'LateralIzq',2,NULL,4),(193,'Mario','Hermoso',19,'ExtremoIzq',9,NULL,4),(194,'Kieran','Trippier',29,'Central',2,NULL,4),(195,'Sime','Vrsaljko',32,'ExtremoIzq',4,NULL,4),(196,'Thomas','Partey',34,'Delantero',21,NULL,4),(197,'Koke','López',20,'Medio',5,NULL,4),(198,'Saul','Ñiguez',25,'ExtremoDer',1,NULL,4),(199,'Marcos','Lemar',24,'Medio',8,NULL,4),(200,'Héctor','Llorente',21,'Portero',0,NULL,4),(201,'Vitolo','Herrera',23,'ExtremoDer',1,NULL,4),(202,'Joao','Felix',17,'Medio',1,NULL,4),(203,'Alvaro','Morata',16,'LateralDer',0,NULL,4),(204,'Ángel','Correa',36,'Medio',9,NULL,4),(205,'Ivan','Saponjic',28,'LateralDer',2,NULL,4),(206,'Diego','Costa',27,'Central',0,NULL,5),(207,'Nikola','Kalinic',26,'Delantero',1,NULL,5),(208,'Marc-André','ter Stegen',20,'Portero',0,NULL,5),(209,'Neto','Martín',21,'Central',1,NULL,5),(210,'Nélson','Semedo',25,'Medio',2,NULL,5),(211,'Gerard','Piqué',24,'Medio',3,NULL,5),(212,'Jean-Clair','Todibo',23,'Central',1,NULL,5),(213,'Clément','Lenglet',25,'LateralIzq',0,NULL,5),(214,'Moussa','Wagué',28,'Medio',0,NULL,5),(215,'Jordi','Alba',16,'Central',1,NULL,5),(216,'Samuel','Umtiti',19,'Medio',2,NULL,5),(217,'Júnior','Firpo',35,'LateralDer',0,NULL,5),(218,'Ivan','Rakitic',32,'LateralDer',0,NULL,5),(219,'Sergio','Busquets',30,'Medio',5,NULL,5),(220,'Coutinho','Perez',28,'LateralIzq',2,NULL,5),(221,'Arthur','Melo',25,'ExtremoIzq',9,NULL,5),(222,'Rafinha','López',24,'Delantero',12,NULL,6),(223,'Carles','Aleñá',22,'ExtremoIzq',1,NULL,6),(224,'Frenkei','de Jong',21,'LateralIzq',0,NULL,6),(225,'Arturo','Vidal',20,'ExtremoDer',1,NULL,6),(226,'Lionel','Messi',18,'Delantero',32,NULL,6),(227,'Ousmane','Dembelé',17,'ExtremoDer',2,NULL,6),(228,'Antoine','Griezmann',29,'Delantero',1,NULL,6),(229,'Sergio','Álvarez',18,'Portero',0,NULL,6),(230,'Rubén','Blanco',18,'LateralIzq',1,NULL,6),(231,'Hugo','Mallo',19,'LateralDer',0,NULL,6),(232,'David','Costas',19,'LateralIzq',0,NULL,6),(233,'Néstor','Araújo',20,'Central',2,NULL,6),(234,'Lucas','Olaza',20,'LateralDer',0,NULL,6),(235,'David','Juncá',21,'Central',0,NULL,6),(236,'Kevin','Vázquez',21,'Medio',5,NULL,6),(237,'Okay','Yokuslu',22,'Medio',4,NULL,6),(238,'Denis','Suárez',22,'Medio',1,NULL,7),(239,'Fran','Beltrán',25,'ExtremoIzq',1,NULL,7),(240,'Stanislav','Lobotka',28,'Portero',0,NULL,7),(241,'Jozabed','Sánchez',35,'ExtremoIzq',1,NULL,7),(242,'Brais','Méndez',31,'Delantero',9,NULL,7),(243,'Iago','Aspas',29,'ExtremoDer',0,NULL,7),(244,'Pione','Sisto',28,'Delantero',1,NULL,7),(245,'Gabriel','Fernández',31,'ExtremoDer',0,NULL,7),(246,'Santi','Mina',34,'Delantero',0,NULL,7),(247,'Marko','Dmitrovic',32,'Medio',2,NULL,7),(248,'Yoel','Rodríguez',25,'Medio',2,NULL,7),(249,'Jordi','Calavera',17,'Delantero',8,NULL,7),(250,'Pedro','Bigas',16,'Medio',1,NULL,7),(251,'Iván','Ramis',22,'ExtremoDer',4,NULL,7),(252,'Álvaro','Tejero',29,'Portero',0,NULL,7),(253,'Paulo','Oliveira',35,'Delantero',1,NULL,7),(254,'Cote','Moreno',31,'ExtremoIzq',1,NULL,8),(255,'Rober','Correa',24,'ExtremoIzq',2,NULL,8),(256,'Anaitz','Arbilla',26,'ExtremoDer',0,NULL,8),(257,'Esteban','Burgos',25,'LateralDer',0,NULL,8),(258,'Gonzalo','Escalante',24,'Portero',0,NULL,8),(259,'Sergio','Álvarez',27,'LateralIzq',0,NULL,8),(260,'Pape','Diop',19,'Central',0,NULL,8),(261,'Edu','Expósito',25,'ExtremoIzq',1,NULL,8),(262,'Fabián','Orellana',25,'Central',1,NULL,8),(263,'Pablo','De Blasis',36,'LateralIzq',2,NULL,8),(264,'Pedro','León',31,'Medio',0,NULL,8),(265,'Takashi','Inui',22,'LateralIzq',1,NULL,8),(266,'Quique','González',23,'Medio',0,NULL,8),(267,'Sergi','Enrich',28,'LateralDer',1,NULL,8),(268,'Kike','García',27,'Central',0,NULL,8),(269,'Charles','Corominas',22,'ExtremoDer',6,NULL,8),(270,'Nano','Mesa',17,'LateralDer',2,NULL,9);
/*!40000 ALTER TABLE `player` ENABLE KEYS */;
UNLOCK TABLES;

--
-- Table structure for table `team`
--

DROP TABLE IF EXISTS `team`;
/*!40101 SET @saved_cs_client     = @@character_set_client */;
 SET character_set_client = utf8mb4 ;
CREATE TABLE `team` (
  `TeamId` int(11) NOT NULL AUTO_INCREMENT,
  `name` varchar(30) NOT NULL,
  `locality` varchar(40) DEFAULT NULL,
  `badge` varchar(300) DEFAULT NULL,
  `coach` varchar(45) DEFAULT NULL,
  `coach2` varchar(45) DEFAULT NULL,
  `contactEmail` varchar(45) DEFAULT NULL,
  `contactPhone` varchar(45) DEFAULT NULL,
  `TournamentId` int(11) NOT NULL,
  PRIMARY KEY (`TeamId`),
  UNIQUE KEY `name_UNIQUE` (`name`),
  KEY `FK_team_tournament_idx` (`TournamentId`),
  CONSTRAINT `FK_team_tournament` FOREIGN KEY (`TournamentId`) REFERENCES `tournament` (`TournamentId`)
) ENGINE=InnoDB AUTO_INCREMENT=47 DEFAULT CHARSET=utf8mb4 COLLATE=utf8mb4_0900_ai_ci;
/*!40101 SET character_set_client = @saved_cs_client */;

--
-- Dumping data for table `team`
--

LOCK TABLES `team` WRITE;
/*!40000 ALTER TABLE `team` DISABLE KEYS */;
INSERT INTO `team` VALUES (1,'Malaga CF','Málaga','/images/badges-teams/malaga.png','Antonio Ponze','Manuel Azaña','malaga@email.com','7301066250',1),(2,'Sevilla FC','Sevilla','/images/badges-teams/sevilla.png','Victor fernández','Paco Jémez','sevilla@email.com','7832044380',1),(3,'Betis','Sevilla','/images/badges-teams/betis.png','Lucas Alcaraz',NULL,'betis@email.com','7833663539',1),(4,'Eibar','Gipuzkoa','/images/badges-teams/eibar.png','Pepe Mel','José Murcia','eibar@email.com','7616432318',1),(5,'Valencia CF','Valencia','/images/badges-teams/valencia.png','Alberto Jimenez','Enrique Martín',NULL,'6415322304',1),(6,'Villarreal CF','Castellón','/images/badges-teams/villarreal.png','Jagoba Arrasate',NULL,'villarreal@email.com','7616432318',1),(7,'Real Madrid','Madrid','/images/badges-teams/realmadrid.png','Zinedine Zidane','Antonio Pérez','realmadrid@email.com','6353614316',1),(8,'Atletico de Madrid','Madrid','/images/badges-teams/atletico.png','Cholo Simeone','Mono Burgos','atleticodemadrid@email.com','6875069054',1),(9,'RC Celta','Vigo','/images/badges-teams/celta.png','Manuel Benitez',NULL,'celta@email.com','6320620280',1),(10,'Athletic Club','Bilbao','/images/badges-teams/bilbao.png','Santiago Abascal','Santiago Solari','bilbao@email.com','8638617271',1),(11,'Huesca','Huesca','/images/badges-teams/huesca.png','Pedro Sanchez','Luciano Spalletti','huesca@email.com','8569962960',1),(12,'Rayo Vallecano','Madrid','/images/badges-teams/rayo.png','Juan Luis Nuñez','Gennaro Gattuso',NULL,'6508238332',1),(13,'Getafe','Madrid','/images/badges-teams/getafe.png','Rafael Garrido','Arsène Wenger','getafe@email.com','8907228012',1),(14,'Levante','Valencia','/images/badges-teams/levante.png','Javier Espejo','Claude Puel','levante@email.com','626298754',1),(15,'Espanyol','Barcelona','/images/badges-teams/espanyol.png',NULL,NULL,'espanyol@email.com','7609970065',1),(16,'Alavés','Álava','/images/badges-teams/alaves.png','Rodrigo Sarmiento',NULL,NULL,'7922482363',1),(17,'Leganés','Madrid','/images/badges-teams/leganes.png','Javier Nuñez','Franck Passi','leganes@email.com','6660886097',1),(18,'Valladolid','Valladolid','/images/badges-teams/valladolid.png','Antonio Belmonte','Huub Stevens','valladolid@email.com','8939149646',1),(20,'Girona','Girona','/images/badges-teams/girona.png','Sergio Beltrán','Rudi García','girona@email.com','7267973586',1),(21,'FC Barcelona','Barcelona','/images/badges-teams/barcelona.png','Juan José Carrillo','Quique Setién','barcelona@email.com','7114715589',1),(27,'Albacete','Albacete',NULL,'Alvaro Cervera',NULL,'albacete@email.com','793867970',2),(28,'Alcorcón','Madrid',NULL,'Pacheta Gutierrez','Natxo González','alcorcon@email.com','7948778850',2),(29,'Cádiz','Cádiz',NULL,'Bolo Martín',NULL,NULL,'6213721816',2),(30,'Almeria','Almeria',NULL,'Luis Miguel Ramis','Imanol Idiákez','almeria@email.com','6466015233',2),(31,'Deportivo','La Coruña',NULL,'Iván Ania',NULL,'deportivo@email.com','8960382017',2),(32,'Elche','Alicante',NULL,NULL,NULL,NULL,'7817925426',2),(33,'Extremadura','Badajoz',NULL,'José Alberto Crespo','Marcelino García','extremadura@email.com','7953473014',2),(34,'Fuengalabrada','Madrid',NULL,'Manuel Mosquera','Mere Pérez',NULL,'6333942975',2),(35,'Las Palmas','Las Palmas',NULL,'Victor Sanchez',NULL,'laspalmas@email.com','6157213107',2),(36,'Lugo','Lugo',NULL,'Eloy Jiménez',NULL,'lugo@email.com','817523538',2),(37,'Mirandés','Burgos',NULL,'Sergi Egea','Michel Ochoa','mirandes@email.com','8975921898',2),(38,'Granada','Granada',NULL,'Juan Carlos Unzué',NULL,NULL,'8667089247',2),(39,'Numancia','Soria',NULL,NULL,NULL,'numancia@email.com','8239675241',2),(40,'Ponferradina','León',NULL,'Fran Fernández','Rubén Baraja','ponferradina@email.com','6161551781',2),(41,'Racing','Santander',NULL,'Mauricio Pochettino','Anquela López','racing@email.com','8259365124',2),(42,'Real Oviedo','Oviedo',NULL,'Pedro Emanuel',NULL,NULL,'8199026711',2),(43,'Real Sporting','Gijón',NULL,'Jose Carlos Martín','Manuel Pellegrini','sporting@email.com','6893249408',2),(44,'Real Zaragoza','Zaragoza',NULL,'Luis Antonio Sarmiento','José Luis Mendilibar',NULL,'8934401788',2),(45,'Tenerife','Tenerife',NULL,'Miguel Ángel López',NULL,'tenerife@email.com','8362759689',2),(46,'Osasuna','Pamplona',NULL,'José Jiménez Crespo',NULL,NULL,'8563652573',2);
/*!40000 ALTER TABLE `team` ENABLE KEYS */;
UNLOCK TABLES;

--
-- Table structure for table `tournament`
--

DROP TABLE IF EXISTS `tournament`;
/*!40101 SET @saved_cs_client     = @@character_set_client */;
 SET character_set_client = utf8mb4 ;
CREATE TABLE `tournament` (
  `TournamentId` int(11) NOT NULL AUTO_INCREMENT,
  `name` varchar(45) NOT NULL,
  `type` varchar(45) NOT NULL,
  `sport` varchar(45) NOT NULL,
  `category` varchar(45) DEFAULT NULL,
  `createdate` varchar(45) NOT NULL,
  `disabled` tinyint(4) NOT NULL DEFAULT '0',
  `UserId` int(11) NOT NULL,
  PRIMARY KEY (`TournamentId`),
  KEY `FK_tournament_user_idx` (`UserId`),
  CONSTRAINT `FK_tournament_user` FOREIGN KEY (`UserId`) REFERENCES `user` (`UserId`)
) ENGINE=InnoDB AUTO_INCREMENT=27 DEFAULT CHARSET=utf8mb4 COLLATE=utf8mb4_0900_ai_ci;
/*!40101 SET character_set_client = @saved_cs_client */;

--
-- Dumping data for table `tournament`
--

LOCK TABLES `tournament` WRITE;
/*!40000 ALTER TABLE `tournament` DISABLE KEYS */;
INSERT INTO `tournament` VALUES (1,'Primera División','league','Fútbol','Fútbol 11','5/08/2019',0,1),(2,'Segunda División','league','Fútbol','Fútbol 11','5/08/2019',0,1),(3,'liga_prueba3','league','Fútbol','Fútbol 11','5/08/2019',0,1),(4,'liga_prueba4','league','Fútbol','Fútbol 11','5/08/2019',0,1),(5,'liga_prueba5','league','Fútbol','Fútbol 11','5/08/2019',0,1),(6,'copa_prueba1','playoff','Fútbol','Fútbol 11','5/08/2019',0,1),(7,'copa_prueba2','playoff','Fútbol','Fútbol 11','5/08/2019',0,1),(8,'copa_prueba3','playoff','Fútbol','Fútbol 11','5/08/2019',0,1),(9,'copa_prueba4','playoff','Fútbol','Fútbol 11','5/08/2019',0,1),(10,'copa_prueba5','playoff','Fútbol','Fútbol 11','5/08/2019',0,1);
/*!40000 ALTER TABLE `tournament` ENABLE KEYS */;
UNLOCK TABLES;

--
-- Table structure for table `user`
--

DROP TABLE IF EXISTS `user`;
/*!40101 SET @saved_cs_client     = @@character_set_client */;
 SET character_set_client = utf8mb4 ;
CREATE TABLE `user` (
  `UserId` int(11) NOT NULL AUTO_INCREMENT,
  `email` varchar(50) NOT NULL,
  `username` varchar(30) NOT NULL,
  `name` varchar(30) NOT NULL,
  `surname` varchar(40) DEFAULT NULL,
  `password` varchar(500) NOT NULL,
  `isAdmin` tinyint(1) NOT NULL DEFAULT '0',
  `avatar` varchar(300) DEFAULT NULL,
  `isMaster` varchar(45) NOT NULL DEFAULT '0',
  `birthDate` varchar(45) DEFAULT NULL,
  PRIMARY KEY (`UserId`),
  UNIQUE KEY `email_UNIQUE` (`email`),
  UNIQUE KEY `username_UNIQUE` (`username`)
) ENGINE=InnoDB AUTO_INCREMENT=17 DEFAULT CHARSET=utf8mb4 COLLATE=utf8mb4_0900_ai_ci;
/*!40101 SET character_set_client = @saved_cs_client */;

--
-- Dumping data for table `user`
--

LOCK TABLES `user` WRITE;
/*!40000 ALTER TABLE `user` DISABLE KEYS */;
INSERT INTO `user` VALUES (1,'juanlu@email.com','juanlu90','Juan Luis','Moreno Calderon','0fe9e47ce4428e3c1b9f712fb18bf738',1,'/images/profile/img-profile-13.png','1',NULL),(2,'cristina@email.com','cristina92','Cristina','Nuñez Parra','0c74ac34d6652b2da30488d4f38496d8',0,'/images/profile/img-profile-4.png','0',NULL),(16,'prueba@prueba.com','pelaez martin','Prueba','prueba','c893bad68927b457dbed39460e6afd62',0,NULL,'0',NULL);
/*!40000 ALTER TABLE `user` ENABLE KEYS */;
UNLOCK TABLES;

--
-- Dumping events for database 'manasport'
--

--
-- Dumping routines for database 'manasport'
--

--
-- Final view structure for view `brazil customers`
--

/*!50001 DROP VIEW IF EXISTS `brazil customers`*/;
/*!50001 SET @saved_cs_client          = @@character_set_client */;
/*!50001 SET @saved_cs_results         = @@character_set_results */;
/*!50001 SET @saved_col_connection     = @@collation_connection */;
/*!50001 SET character_set_client      = utf8mb4 */;
/*!50001 SET character_set_results     = utf8mb4 */;
/*!50001 SET collation_connection      = utf8mb4_0900_ai_ci */;
/*!50001 CREATE ALGORITHM=UNDEFINED */
/*!50013 DEFINER=`root`@`localhost` SQL SECURITY DEFINER */
/*!50001 VIEW `brazil customers` AS select (count(0) * 3) AS `PG` from `match` where ((`match`.`TournamentId` = 1) and (`match`.`localTeamId` = 1) and (`match`.`localteam_score` > `match`.`awayteam_score`)) */;
/*!50001 SET character_set_client      = @saved_cs_client */;
/*!50001 SET character_set_results     = @saved_cs_results */;
/*!50001 SET collation_connection      = @saved_col_connection */;
/*!40103 SET TIME_ZONE=@OLD_TIME_ZONE */;

/*!40101 SET SQL_MODE=@OLD_SQL_MODE */;
/*!40014 SET FOREIGN_KEY_CHECKS=@OLD_FOREIGN_KEY_CHECKS */;
/*!40014 SET UNIQUE_CHECKS=@OLD_UNIQUE_CHECKS */;
/*!40101 SET CHARACTER_SET_CLIENT=@OLD_CHARACTER_SET_CLIENT */;
/*!40101 SET CHARACTER_SET_RESULTS=@OLD_CHARACTER_SET_RESULTS */;
/*!40101 SET COLLATION_CONNECTION=@OLD_COLLATION_CONNECTION */;
/*!40111 SET SQL_NOTES=@OLD_SQL_NOTES */;

-- Dump completed on 2019-08-13 18:20:21
