-- MySQL dump 10.13  Distrib 8.0.16, for Win64 (x86_64)
--
-- Host: localhost    Database: manasport
-- ------------------------------------------------------
-- Server version	8.0.16

/*!40101 SET @OLD_CHARACTER_SET_CLIENT=@@CHARACTER_SET_CLIENT */;
/*!40101 SET @OLD_CHARACTER_SET_RESULTS=@@CHARACTER_SET_RESULTS */;
/*!40101 SET @OLD_COLLATION_CONNECTION=@@COLLATION_CONNECTION */;
 SET NAMES utf8 ;
/*!40103 SET @OLD_TIME_ZONE=@@TIME_ZONE */;
/*!40103 SET TIME_ZONE='+00:00' */;
/*!40014 SET @OLD_UNIQUE_CHECKS=@@UNIQUE_CHECKS, UNIQUE_CHECKS=0 */;
/*!40014 SET @OLD_FOREIGN_KEY_CHECKS=@@FOREIGN_KEY_CHECKS, FOREIGN_KEY_CHECKS=0 */;
/*!40101 SET @OLD_SQL_MODE=@@SQL_MODE, SQL_MODE='NO_AUTO_VALUE_ON_ZERO' */;
/*!40111 SET @OLD_SQL_NOTES=@@SQL_NOTES, SQL_NOTES=0 */;

--
-- Table structure for table `match`
--

DROP TABLE IF EXISTS `match`;
/*!40101 SET @saved_cs_client     = @@character_set_client */;
 SET character_set_client = utf8mb4 ;
CREATE TABLE `match` (
  `MatchId` int(11) NOT NULL AUTO_INCREMENT,
  `date` varchar(45) DEFAULT NULL,
  `localTeamId` int(11) NOT NULL,
  `awayTeamId` int(11) NOT NULL,
  `localteam_score` tinyint(4) DEFAULT NULL,
  `awayteam_score` tinyint(4) DEFAULT NULL,
  `matchday` int(11) DEFAULT NULL,
  `TournamentId` int(11) DEFAULT NULL,
  PRIMARY KEY (`MatchId`),
  KEY `FK_match_tournament_idx` (`TournamentId`),
  KEY `FK_match_teamLocal_idx` (`localTeamId`),
  KEY `FK_match_teamAway_idx` (`awayTeamId`),
  CONSTRAINT `FK_match_teamAway` FOREIGN KEY (`awayTeamId`) REFERENCES `team` (`TeamId`),
  CONSTRAINT `FK_match_teamLocal` FOREIGN KEY (`localTeamId`) REFERENCES `team` (`TeamId`),
  CONSTRAINT `FK_match_tournament` FOREIGN KEY (`TournamentId`) REFERENCES `tournament` (`TournamentId`)
) ENGINE=InnoDB AUTO_INCREMENT=2067 DEFAULT CHARSET=utf8mb4 COLLATE=utf8mb4_0900_ai_ci;
/*!40101 SET character_set_client = @saved_cs_client */;

--
-- Dumping data for table `match`
--

LOCK TABLES `match` WRITE;
/*!40000 ALTER TABLE `match` DISABLE KEYS */;
INSERT INTO `match` VALUES (1187,'25/8/2018',27,37,0,1,1,2),(1188,'9/2/2019',37,27,1,1,20,2),(1189,'25/8/2018',28,38,2,3,1,2),(1190,'9/2/2019',38,28,1,0,20,2),(1191,'25/8/2018',29,39,2,2,1,2),(1192,'9/2/2019',39,29,1,5,20,2),(1193,'25/8/2018',30,40,0,4,1,2),(1194,'9/2/2019',40,30,4,1,20,2),(1195,'25/8/2018',31,41,0,0,1,2),(1196,'9/2/2019',41,31,1,2,20,2),(1197,'25/8/2018',32,42,4,1,1,2),(1198,'9/2/2019',42,32,0,4,20,2),(1199,'25/8/2018',33,43,0,2,1,2),(1200,'9/2/2019',43,33,0,3,20,2),(1201,'25/8/2018',34,44,0,2,1,2),(1202,'9/2/2019',44,34,0,0,20,2),(1203,'25/8/2018',35,45,1,0,1,2),(1204,'9/2/2019',45,35,4,1,20,2),(1205,'25/8/2018',36,46,5,2,1,2),(1206,'9/2/2019',46,36,1,4,20,2),(1207,'31/8/2018',27,38,2,2,2,2),(1208,'15/2/2019',38,27,1,3,21,2),(1209,'31/8/2018',37,39,0,4,2,2),(1210,'15/2/2019',39,37,2,7,21,2),(1211,'31/8/2018',28,40,1,1,2,2),(1212,'15/2/2019',40,28,1,1,21,2),(1213,'31/8/2018',29,41,0,0,2,2),(1214,'15/2/2019',41,29,1,0,21,2),(1215,'31/8/2018',30,42,0,2,2,2),(1216,'15/2/2019',42,30,1,1,21,2),(1217,'31/8/2018',31,43,0,0,2,2),(1218,'15/2/2019',43,31,1,1,21,2),(1219,'31/8/2018',32,44,2,2,2,2),(1220,'15/2/2019',44,32,4,0,21,2),(1221,'31/8/2018',33,45,2,1,2,2),(1222,'15/2/2019',45,33,5,1,21,2),(1223,'31/8/2018',34,46,2,1,2,2),(1224,'15/2/2019',46,34,1,1,21,2),(1225,'31/8/2018',35,36,2,1,2,2),(1226,'15/2/2019',36,35,1,2,21,2),(1227,'14/9/2018',27,39,0,2,3,2),(1228,'22/2/2019',39,27,2,4,22,2),(1229,'14/9/2018',38,40,4,2,3,2),(1230,'22/2/2019',40,38,2,0,22,2),(1231,'14/9/2018',37,41,5,3,3,2),(1232,'22/2/2019',41,37,2,2,22,2),(1233,'14/9/2018',28,42,3,1,3,2),(1234,'22/2/2019',42,28,2,4,22,2),(1235,'14/9/2018',29,43,4,5,3,2),(1236,'22/2/2019',43,29,1,3,22,2),(1237,'14/9/2018',30,44,1,2,3,2),(1238,'22/2/2019',44,30,0,1,22,2),(1239,'14/9/2018',31,45,0,6,3,2),(1240,'22/2/2019',45,31,0,0,22,2),(1241,'14/9/2018',32,46,2,1,3,2),(1242,'22/2/2019',46,32,4,2,22,2),(1243,'14/9/2018',33,36,1,1,3,2),(1244,'22/2/2019',36,33,2,2,22,2),(1245,'14/9/2018',34,35,3,3,3,2),(1246,'22/2/2019',35,34,5,4,22,2),(1247,'21/9/2018',27,40,2,1,4,2),(1248,'29/2/2019',40,27,1,0,23,2),(1249,'21/9/2018',39,41,2,0,4,2),(1250,'29/2/2019',41,39,3,0,23,2),(1251,'21/9/2018',38,42,1,1,4,2),(1252,'29/2/2019',42,38,4,1,23,2),(1253,'21/9/2018',37,43,2,0,4,2),(1254,'29/2/2019',43,37,3,1,23,2),(1255,'21/9/2018',28,44,5,4,4,2),(1256,'29/2/2019',44,28,4,0,23,2),(1257,'21/9/2018',29,45,1,0,4,2),(1258,'29/2/2019',45,29,2,1,23,2),(1259,'21/9/2018',30,46,3,1,4,2),(1260,'29/2/2019',46,30,1,1,23,2),(1261,'21/9/2018',31,36,0,1,4,2),(1262,'29/2/2019',36,31,0,0,23,2),(1263,'21/9/2018',32,35,0,1,4,2),(1264,'29/2/2019',35,32,1,2,23,2),(1265,'21/9/2018',33,34,2,2,4,2),(1266,'29/2/2019',34,33,1,2,23,2),(1267,'28/9/2018',27,41,3,2,5,2),(1268,'6/3/2019',41,27,0,0,24,2),(1269,'28/9/2018',40,42,4,0,5,2),(1270,'6/3/2019',42,40,1,1,24,2),(1271,'28/9/2018',39,43,2,1,5,2),(1272,'6/3/2019',43,39,3,1,24,2),(1273,'28/9/2018',38,44,0,1,5,2),(1274,'6/3/2019',44,38,0,2,24,2),(1275,'28/9/2018',37,45,1,2,5,2),(1276,'6/3/2019',45,37,1,3,24,2),(1277,'28/9/2018',28,46,0,2,5,2),(1278,'6/3/2019',46,28,0,5,24,2),(1279,'28/9/2018',29,36,1,4,5,2),(1280,'6/3/2019',36,29,0,1,24,2),(1281,'28/9/2018',30,35,1,0,5,2),(1282,'6/3/2019',35,30,0,2,24,2),(1283,'28/9/2018',31,34,2,1,5,2),(1284,'6/3/2019',34,31,2,3,24,2),(1285,'28/9/2018',32,33,2,5,5,2),(1286,'6/3/2019',33,32,2,4,24,2),(1287,'14/10/2018',27,42,2,1,6,2),(1288,'12/4/2019',42,27,2,2,25,2),(1289,'14/10/2018',41,43,2,0,6,2),(1290,'12/4/2019',43,41,1,1,25,2),(1291,'14/10/2018',40,44,1,2,6,2),(1292,'12/4/2019',44,40,0,3,25,2),(1293,'14/10/2018',39,45,0,2,6,2),(1294,'12/4/2019',45,39,1,1,25,2),(1295,'14/10/2018',38,46,1,1,6,2),(1296,'12/4/2019',46,38,2,0,25,2),(1297,'14/10/2018',37,36,3,2,6,2),(1298,'12/4/2019',36,37,2,1,25,2),(1299,'14/10/2018',28,35,1,2,6,2),(1300,'12/4/2019',35,28,0,4,25,2),(1301,'14/10/2018',29,34,2,3,6,2),(1302,'12/4/2019',34,29,1,1,25,2),(1303,'14/10/2018',30,33,0,4,6,2),(1304,'12/4/2019',33,30,3,2,25,2),(1305,'14/10/2018',31,32,1,1,6,2),(1306,'12/4/2019',32,31,1,3,25,2),(1307,'21/10/2018',27,43,2,2,7,2),(1308,'19/4/2019',43,27,0,1,26,2),(1309,'21/10/2018',42,44,1,2,7,2),(1310,'19/4/2019',44,42,2,4,26,2),(1311,'21/10/2018',41,45,0,5,7,2),(1312,'19/4/2019',45,41,1,5,26,2),(1313,'21/10/2018',40,46,2,4,7,2),(1314,'19/4/2019',46,40,1,1,26,2),(1315,'21/10/2018',39,36,0,0,7,2),(1316,'19/4/2019.',36,39,3,2,26,2),(1317,'21/10/2018',38,35,1,1,7,2),(1318,'19/4/2019',35,38,0,1,26,2),(1319,'21/10/2018',37,34,3,2,7,2),(1320,'19/4/2019',34,37,1,3,26,2),(1321,'21/10/2018',28,33,1,6,7,2),(1322,'19/4/2019',33,28,1,5,26,2),(1323,'21/10/2018',29,32,2,4,7,2),(1324,'19/4/2019',32,29,4,1,26,2),(1325,'21/10/2018',30,31,5,0,7,2),(1326,'19/4/2019',31,30,6,0,26,2),(1327,'28/10/2018',27,44,2,1,8,2),(1328,'26/4/2019',44,27,1,1,27,2),(1329,'28/10/2018',43,45,4,2,8,2),(1330,'26/4/2019',45,43,5,2,27,2),(1331,'28/10/2018',42,46,6,3,8,2),(1332,'26/4/2019',46,42,3,5,27,2),(1333,'28/10/2018',41,36,2,2,8,2),(1334,'26/4/2019',36,41,1,1,27,2),(1335,'28/10/2018',40,35,4,4,8,2),(1336,'26/4/2019',35,40,5,5,27,2),(1337,'28/10/2018',39,34,1,2,8,2),(1338,'26/4/2019',34,39,2,3,27,2),(1339,'28/10/2018',38,33,3,5,8,2),(1340,'26/4/2019',33,38,2,3,27,2),(1341,'28/10/2018',37,32,1,2,8,2),(1342,'26/4/2019',32,37,4,4,27,2),(1343,'28/10/2018',28,31,5,1,8,2),(1344,'26/4/2019',31,28,6,2,27,2),(1345,'28/10/2018',29,30,1,3,8,2),(1346,'26/4/2019',30,29,4,5,27,2),(1347,'15/11/2018',27,45,5,3,9,2),(1348,'2/5/2019',45,27,2,2,28,2),(1349,'15/11/2018',44,46,3,1,9,2),(1350,'2/5/2019',46,44,5,4,28,2),(1351,'15/11/2018',43,36,4,5,9,2),(1352,'2/5/2019',36,43,1,3,28,2),(1353,'15/11/2018',42,35,1,2,9,2),(1354,'2/5/2019',35,42,2,2,28,2),(1355,'15/11/2018',41,34,3,1,9,2),(1356,'2/5/2019',34,41,5,1,28,2),(1357,'15/11/2018',40,33,4,4,9,2),(1358,'2/5/2019',33,40,1,1,28,2),(1359,'15/11/2018',39,32,2,2,9,2),(1360,'2/5/2019',32,39,3,3,28,2),(1361,'15/11/2018',38,31,5,5,9,2),(1362,'2/5/2019',31,38,4,4,28,2),(1363,'15/11/2018',37,30,1,1,9,2),(1364,'2/5/2019',30,37,1,2,28,2),(1365,'15/11/2018',28,29,1,3,9,2),(1366,'2/5/2019',29,28,4,5,28,2),(1367,'22/11/2018',27,46,2,4,10,2),(1368,'9/5/2019',46,27,2,1,29,2),(1369,'22/11/2018',45,36,1,2,10,2),(1370,'9/5/2019',36,45,4,3,29,2),(1371,'22/11/2018',44,35,2,5,10,2),(1372,'9/5/2019',35,44,1,4,29,2),(1373,'22/11/2018',43,34,0,2,10,2),(1374,'9/5/2019',34,43,0,1,29,2),(1375,'22/11/2018',42,33,0,3,10,2),(1376,'9/5/2019',33,42,1,4,29,2),(1377,'22/11/2018',41,32,1,1,10,2),(1378,'9/5/2019',32,41,1,2,29,2),(1379,'22/11/2018',40,31,0,3,10,2),(1380,'9/5/2019',31,40,1,5,29,2),(1381,'22/11/2018',39,30,0,4,10,2),(1382,'9/5/2019',30,39,2,1,29,2),(1383,'22/11/2018',38,29,2,2,10,2),(1384,'9/5/2019',29,38,2,3,29,2),(1385,'22/11/2018',37,28,2,5,10,2),(1386,'9/5/2019',28,37,1,2,29,2),(1387,'29/11/2018',27,36,1,1,11,2),(1388,'16/5/2019',36,27,1,4,30,2),(1389,'29/11/2018',46,35,1,1,11,2),(1390,'16/5/2019',35,46,4,2,30,2),(1391,'29/11/2018',45,34,4,5,11,2),(1392,'16/5/2019',34,45,0,3,30,2),(1393,'29/11/2018',44,33,0,2,11,2),(1394,'16/5/2019',33,44,1,1,30,2),(1395,'29/11/2018',43,32,4,4,11,2),(1396,'16/5/2019',32,43,2,5,30,2),(1397,'29/11/2018',42,31,3,6,11,2),(1398,'16/5/2019',31,42,1,3,30,2),(1399,'29/11/2018',41,30,0,2,11,2),(1400,'16/5/2019',30,41,1,1,30,2),(1401,'29/11/2018',40,29,0,0,11,2),(1402,'16/5/2019',29,40,1,0,30,2),(1403,'29/11/2018',39,28,0,0,11,2),(1404,'16/5/2019',28,39,2,2,30,2),(1405,'29/11/2018',38,37,3,1,11,2),(1406,'16/5/2019',37,38,2,0,30,2),(1407,'06/12/2018',27,35,1,2,12,2),(1408,'22/5/2019',35,27,2,3,31,2),(1409,'06/12/2018',36,34,3,5,12,2),(1410,'22/5/2019',34,36,5,4,31,2),(1411,'06/12/2018',46,33,4,1,12,2),(1412,'22/5/2019',33,46,1,0,31,2),(1413,'06/12/2018',45,32,0,2,12,2),(1414,'22/5/2019',32,45,3,1,31,2),(1415,'06/12/2018',44,31,2,1,12,2),(1416,'22/5/2019',31,44,1,0,31,2),(1417,'06/12/2018',43,30,1,2,12,2),(1418,'22/5/2019',30,43,5,1,31,2),(1419,'06/12/2018',42,29,4,4,12,2),(1420,'22/5/2019',29,42,2,0,31,2),(1421,'06/12/2018',41,28,0,2,12,2),(1422,'22/5/2019',28,41,1,3,31,2),(1423,'06/12/2018',40,37,2,5,12,2),(1424,'22/5/2019',37,40,3,4,31,2),(1425,'06/12/2018',39,38,2,1,12,2),(1426,'22/5/2019',38,39,1,2,31,2),(1427,'12/12/2018',27,34,0,0,13,2),(1428,'29/5/2019',34,27,2,2,32,2),(1429,'12/12/2018',35,33,3,1,13,2),(1430,'29/5/2019',33,35,7,2,32,2),(1431,'12/12/2018',36,32,5,3,13,2),(1432,'29/5/2019',32,36,4,5,32,2),(1433,'12/12/2018',46,31,2,4,13,2),(1434,'29/5/2019',31,46,1,2,32,2),(1435,'12/12/2018',45,30,3,1,13,2),(1436,'29/5/2019',30,45,2,3,32,2),(1437,'12/12/2018',44,29,1,5,13,2),(1438,'29/5/2019',29,44,0,4,32,2),(1439,'12/12/2018',43,28,2,2,13,2),(1440,'29/5/2019',28,43,0,3,32,2),(1441,'12/12/2018',42,37,0,1,13,2),(1442,'29/5/2019',37,42,0,8,32,2),(1443,'12/12/2018',41,38,2,6,13,2),(1444,'29/5/2019',38,41,1,5,32,2),(1445,'12/12/2018',40,39,2,4,13,2),(1446,'29/5/2019',39,40,3,1,32,2),(1447,'19/12/2018',27,33,2,2,14,2),(1448,'6/6/2019',33,27,1,3,33,2),(1449,'19/12/2018',34,32,0,5,14,2),(1450,'6/6/2019',32,34,1,3,33,2),(1451,'19/12/2018',35,31,2,2,14,2),(1452,'6/6/2019',31,35,3,4,33,2),(1453,'19/12/2018',36,30,2,1,14,2),(1454,'6/6/2019',30,36,1,2,33,2),(1455,'19/12/2018',46,29,0,1,14,2),(1456,'6/6/2019',29,46,1,2,33,2),(1457,'19/12/2018',45,28,2,1,14,2),(1458,'6/6/2019',28,45,0,4,33,2),(1459,'19/12/2018',44,37,1,5,14,2),(1460,'6/6/2019',37,44,2,1,33,2),(1461,'19/12/2018',43,38,3,2,14,2),(1462,'6/6/2019',38,43,5,4,33,2),(1463,'19/12/2018',42,39,4,5,14,2),(1464,'6/6/2019',39,42,1,2,33,2),(1465,'19/12/2018',41,40,2,2,14,2),(1466,'6/6/2019',40,41,3,4,33,2),(1467,'26/12/2018',27,32,0,1,15,2),(1468,'9/6/2019',32,27,0,5,34,2),(1469,'26/12/2018',33,31,1,2,15,2),(1470,'9/6/2019',31,33,4,3,34,2),(1471,'26/12/2018',34,30,1,1,15,2),(1472,'9/6/2019',30,34,2,4,34,2),(1473,'26/12/2018',35,29,3,1,15,2),(1474,'9/6/2019',29,35,1,2,34,2),(1475,'26/12/2018',36,28,1,3,15,2),(1476,'9/6/2019',28,36,4,5,34,2),(1477,'26/12/2018',46,37,2,4,15,2),(1478,'9/6/2019',37,46,0,1,34,2),(1479,'26/12/2018',45,38,0,2,15,2),(1480,'9/6/2019',38,45,0,3,34,2),(1481,'26/12/2018',44,39,1,5,15,2),(1482,'9/6/2019',39,44,0,4,34,2),(1483,'26/12/2018',43,40,1,1,15,2),(1484,'9/6/2019',40,43,0,2,34,2),(1485,'26/12/2018',42,41,6,3,15,2),(1486,'9/6/2019',41,42,5,1,34,2),(1487,'14/1/2019',27,31,4,1,16,2),(1488,'13/6/2019',31,27,1,1,35,2),(1489,'14/1/2019',32,30,2,2,16,2),(1490,'13/6/2019',30,32,3,3,35,2),(1491,'14/1/2019',33,29,3,3,16,2),(1492,'13/6/2019',29,33,2,1,35,2),(1493,'14/1/2019',34,28,1,4,16,2),(1494,'13/6/2019',28,34,5,2,35,2),(1495,'14/1/2019',35,37,0,4,16,2),(1496,'13/6/2019',37,35,1,2,35,2),(1497,'14/1/2019',36,38,2,3,16,2),(1498,'13/6/2019',38,36,0,5,35,2),(1499,'14/1/2019',46,39,1,4,16,2),(1500,'13/6/2019',39,46,2,1,35,2),(1501,'14/1/2019',45,40,3,2,16,2),(1502,'13/6/2019',40,45,2,3,35,2),(1503,'14/1/2019',44,41,0,4,16,2),(1504,'13/6/2019',41,44,1,4,35,2),(1505,'14/1/2019',43,42,1,4,16,2),(1506,'13/6/2019',42,43,4,5,35,2),(1507,'21/1/2019',27,30,0,4,17,2),(1508,'19/6/2019',30,27,NULL,NULL,36,2),(1509,'21/1/2019',31,29,1,1,17,2),(1510,'19/6/2019',29,31,NULL,NULL,36,2),(1511,'21/1/2019',32,28,0,2,17,2),(1512,'19/6/2019',28,32,NULL,NULL,36,2),(1513,'21/1/2019',33,37,1,1,17,2),(1514,'19/6/2019',37,33,NULL,NULL,36,2),(1515,'21/1/2019',34,38,2,3,17,2),(1516,'19/6/2019',38,34,NULL,NULL,36,2),(1517,'21/1/2019',35,39,5,0,17,2),(1518,'19/6/2019',39,35,NULL,NULL,36,2),(1519,'21/1/2019',36,40,3,4,17,2),(1520,'19/6/2019',40,36,NULL,NULL,36,2),(1521,'21/1/2019',46,41,2,1,17,2),(1522,'19/6/2019',41,46,NULL,NULL,36,2),(1523,'21/1/2019',45,42,0,0,17,2),(1524,'19/6/2019',42,45,NULL,NULL,36,2),(1525,'21/1/2019',44,43,2,2,17,2),(1526,'19/6/2019',43,44,NULL,NULL,36,2),(1527,'28/1/2019',27,29,3,1,18,2),(1528,'26/6/2019',29,27,NULL,NULL,37,2),(1529,'28/1/2019',30,28,2,0,18,2),(1530,'26/6/2019',28,30,NULL,NULL,37,2),(1531,'28/1/2019',31,37,1,1,18,2),(1532,'26/6/2019',37,31,NULL,NULL,37,2),(1533,'28/1/2019',32,38,0,2,18,2),(1534,'26/6/2019',38,32,NULL,NULL,37,2),(1535,'28/1/2019',33,39,1,1,18,2),(1536,'26/6/2019',39,33,NULL,NULL,37,2),(1537,'28/1/2019',34,40,2,3,18,2),(1538,'26/6/2019',40,34,NULL,NULL,37,2),(1539,'28/1/2019',35,41,3,0,18,2),(1540,'26/6/2019',41,35,NULL,NULL,37,2),(1541,'28/1/2019',36,42,1,1,18,2),(1542,'26/6/2019',42,36,NULL,NULL,37,2),(1543,'28/1/2019',46,43,1,3,18,2),(1544,'26/6/2019',43,46,NULL,NULL,37,2),(1545,'28/1/2019',45,44,0,2,18,2),(1546,'26/6/2019',44,45,NULL,NULL,37,2),(1547,'6/2/2019',27,28,1,0,19,2),(1548,'1/7/2019',28,27,NULL,NULL,38,2),(1549,'6/2/2019',29,37,2,0,19,2),(1550,'1/7/2019',37,29,NULL,NULL,38,2),(1551,'6/2/2019',30,38,1,1,19,2),(1552,'1/7/2019',38,30,NULL,NULL,38,2),(1553,'6/2/2019',31,39,0,2,19,2),(1554,'1/7/2019',39,31,NULL,NULL,38,2),(1555,'6/2/2019',32,40,2,0,19,2),(1556,'1/7/2019',40,32,NULL,NULL,38,2),(1557,'6/2/2019',33,41,4,1,19,2),(1558,'1/7/2019',41,33,NULL,NULL,38,2),(1559,'6/2/2019',34,42,0,0,19,2),(1560,'1/7/2019',42,34,NULL,NULL,38,2),(1561,'6/2/2019',35,43,1,0,19,2),(1562,'1/7/2019',43,35,NULL,NULL,38,2),(1563,'6/2/2019',36,44,3,1,19,2),(1564,'1/7/2019',44,36,NULL,NULL,38,2),(1565,'6/2/2019',46,45,4,1,19,2),(1566,'1/7/2019',45,46,NULL,NULL,38,2),(1567,'25/8/2018',1,11,3,1,1,1),(1568,'14/2/2019',11,1,0,2,20,1),(1569,'25/8/2018',2,12,2,3,1,1),(1570,'14/2/2019',12,2,0,4,20,1),(1571,'25/8/2018',3,13,4,5,1,1),(1572,'14/2/2019',13,3,1,1,20,1),(1573,'25/8/2018',4,14,1,2,1,1),(1574,'14/2/2019',14,4,2,3,20,1),(1575,'25/8/2018',5,15,1,1,1,1),(1576,'14/2/2019',15,5,5,0,20,1),(1577,'25/8/2018',6,16,4,0,1,1),(1578,'14/2/2019',16,6,6,1,20,1),(1579,'25/8/2018',7,17,4,2,1,1),(1580,'14/2/2019',17,7,6,1,20,1),(1581,'25/8/2018',8,18,1,1,1,1),(1582,'14/2/2019',18,8,2,0,20,1),(1583,'25/8/2018',9,20,1,0,1,1),(1584,'14/2/2019',20,9,0,1,20,1),(1585,'25/8/2018',10,21,1,1,1,1),(1586,'14/2/2019',21,10,4,2,20,1),(1587,'31/8/2018',1,12,4,3,2,1),(1588,'22/2/2019',12,1,5,3,21,1),(1589,'31/8/2018',11,13,2,2,2,1),(1590,'22/2/2019',13,11,1,1,21,1),(1591,'31/8/2018',2,14,2,1,2,1),(1592,'22/2/2019',14,2,1,4,21,1),(1593,'31/8/2018',3,15,1,4,2,1),(1594,'22/2/2019',15,3,2,1,21,1),(1595,'31/8/2018',4,16,4,2,2,1),(1596,'22/2/2019',16,4,5,0,21,1),(1597,'31/8/2018',5,17,4,1,2,1),(1598,'22/2/2019',17,5,1,0,21,1),(1599,'31/8/2018',6,18,1,2,2,1),(1600,'22/2/2019',18,6,0,2,21,1),(1601,'31/8/2018',7,20,2,1,2,1),(1602,'22/2/2019',20,7,1,1,21,1),(1603,'31/8/2018',8,21,4,0,2,1),(1604,'22/2/2019',21,8,5,0,21,1),(1605,'31/8/2018',9,10,2,1,2,1),(1606,'22/2/2019',10,9,1,1,21,1),(1607,'14/9/2018',1,13,2,2,3,1),(1608,'1/3/2019',13,1,1,2,22,1),(1609,'14/9/2018',12,14,1,3,3,1),(1610,'1/3/2019',14,12,1,3,22,1),(1611,'14/9/2018',11,15,1,5,3,1),(1612,'1/3/2019',15,11,2,2,22,1),(1613,'14/9/2018',2,16,2,1,3,1),(1614,'1/3/2019',16,2,0,4,22,1),(1615,'14/9/2018',3,17,0,1,3,1),(1616,'1/3/2019',17,3,4,2,22,1),(1617,'14/9/2018',4,18,2,3,3,1),(1618,'1/3/2019',18,4,2,3,22,1),(1619,'14/9/2018',5,20,2,2,3,1),(1620,'1/3/2019',20,5,3,1,22,1),(1621,'14/9/2018',6,21,3,0,3,1),(1622,'1/3/2019',21,6,5,0,22,1),(1623,'14/9/2018',7,10,5,1,3,1),(1624,'1/3/2019',10,7,4,2,22,1),(1625,'14/9/2018',8,9,0,3,3,1),(1626,'1/3/2019',9,8,0,2,22,1),(1627,'21/9/2018',1,14,1,0,4,1),(1628,'8/3/2019',14,1,1,1,23,1),(1629,'21/9/2018',13,15,1,2,4,1),(1630,'8/3/2019',15,13,1,3,23,1),(1631,'21/9/2018',12,16,2,5,4,1),(1632,'8/3/2019',16,12,3,4,23,1),(1633,'21/9/2018',11,17,3,1,4,1),(1634,'8/3/2019',17,11,5,2,23,1),(1635,'21/9/2018',2,18,5,3,4,1),(1636,'8/3/2019',18,2,4,0,23,1),(1637,'21/9/2018',3,20,4,1,4,1),(1638,'8/3/2019',20,3,1,4,23,1),(1639,'21/9/2018',4,21,1,1,4,1),(1640,'8/3/2019',21,4,0,2,23,1),(1641,'21/9/2018',5,10,0,3,4,1),(1642,'8/3/2019',10,5,1,2,23,1),(1643,'21/9/2018',6,9,1,1,4,1),(1644,'8/3/2019',9,6,4,4,23,1),(1645,'21/9/2018',7,8,4,0,4,1),(1646,'8/3/2019',8,7,5,0,23,1),(1647,'28/9/2018',1,15,5,1,5,1),(1648,'15/3/2019',15,1,3,3,24,1),(1649,'28/9/2018',14,16,3,3,5,1),(1650,'15/3/2019',16,14,0,3,24,1),(1651,'28/9/2018',13,17,0,2,5,1),(1652,'15/3/2019',17,13,1,1,24,1),(1653,'28/9/2018',12,18,1,4,5,1),(1654,'15/3/2019',18,12,1,1,24,1),(1655,'28/9/2018',11,20,0,0,5,1),(1656,'15/3/2019',20,11,0,1,24,1),(1657,'28/9/2018',2,21,1,0,5,1),(1658,'15/3/2019',21,2,1,0,24,1),(1659,'28/9/2018',3,10,2,0,5,1),(1660,'15/3/2019',10,3,2,0,24,1),(1661,'28/9/2018',4,9,3,1,5,1),(1662,'15/3/2019',9,4,3,1,24,1),(1663,'28/9/2018',5,8,5,2,5,1),(1664,'15/3/2019',8,5,4,3,24,1),(1665,'28/9/2018',6,7,1,2,5,1),(1666,'15/3/2019',7,6,0,1,24,1),(1667,'28/9/2018',1,16,4,2,6,1),(1668,'22/3/2019',16,1,1,1,25,1),(1669,'14/10/2018',15,17,4,0,6,1),(1670,'22/3/2019',17,15,1,0,25,1),(1671,'14/10/2018',14,18,2,2,6,1),(1672,'22/3/2019',18,14,0,3,25,1),(1673,'14/10/2018',13,20,1,1,6,1),(1674,'22/3/2019',20,13,2,4,25,1),(1675,'14/10/2018',12,21,1,1,6,1),(1676,'22/3/2019',21,12,4,2,25,1),(1677,'14/10/2018',11,10,2,3,6,1),(1678,'22/3/2019',10,11,3,2,25,1),(1679,'14/10/2018',2,9,3,2,6,1),(1680,'22/3/2019',9,2,2,0,25,1),(1681,'14/10/2018',3,8,1,1,6,1),(1682,'22/3/2019',8,3,4,2,25,1),(1683,'14/10/2018',4,7,2,3,6,1),(1684,'22/3/2019',7,4,3,2,25,1),(1685,'14/10/2018',5,6,2,1,6,1),(1686,'22/3/2019',6,5,0,0,25,1),(1687,'21/10/2018',1,17,1,1,7,1),(1688,'29/3/2019',17,1,4,2,26,1),(1689,'21/10/2018',16,18,1,3,7,1),(1690,'29/3/2019',18,16,2,2,26,1),(1691,'21/10/2018',15,20,3,1,7,1),(1692,'29/3/2019',20,15,0,0,26,1),(1693,'21/10/2018',14,21,1,1,7,1),(1694,'29/3/2019',21,14,4,2,26,1),(1695,'21/10/2018',13,10,1,3,7,1),(1696,'29/3/2019',10,13,2,2,26,1),(1697,'21/10/2018',12,9,3,1,7,1),(1698,'29/3/2019',9,12,2,0,26,1),(1699,'21/10/2018',11,8,0,3,7,1),(1700,'29/3/2019',8,11,1,2,26,1),(1701,'21/10/2018',2,7,4,1,7,1),(1702,'29/3/2019',7,2,4,0,26,1),(1703,'21/10/2018',3,6,1,1,7,1),(1704,'29/3/2019',6,3,1,2,26,1),(1705,'21/10/2018',4,5,1,3,7,1),(1706,'29/3/2019',5,4,0,3,26,1),(1707,'28/10/2018',1,18,2,1,8,1),(1708,'7/4/2019',18,1,2,1,27,1),(1709,'28/10/2018',17,20,0,1,8,1),(1710,'7/4/2019',20,17,0,0,27,1),(1711,'28/10/2018',16,21,0,4,8,1),(1712,'7/4/2019',21,16,1,5,27,1),(1713,'28/10/2018',15,10,2,6,8,1),(1714,'7/4/2019',10,15,2,2,27,1),(1715,'28/10/2018',14,9,3,1,8,1),(1716,'7/4/2019',9,14,3,2,27,1),(1717,'28/10/2018',13,8,3,0,8,1),(1718,'7/4/2019',8,13,2,0,27,1),(1719,'28/10/2018',12,7,2,1,8,1),(1720,'7/4/2019',7,12,2,2,27,1),(1721,'28/10/2018',11,6,0,3,8,1),(1722,'7/4/2019',6,11,0,3,27,1),(1723,'28/10/2018',2,5,2,2,8,1),(1724,'7/4/2019',5,2,1,1,27,1),(1725,'28/10/2018',3,4,1,0,8,1),(1726,'7/4/2019',4,3,4,1,27,1),(1727,'6/11/2018',1,20,4,2,9,1),(1728,'14/4/2019',20,1,4,3,28,1),(1729,'6/11/2018',18,21,1,3,9,1),(1730,'14/4/2019',21,18,1,2,28,1),(1731,'6/11/2018',17,10,1,1,9,1),(1732,'14/4/2019',10,17,2,0,28,1),(1733,'6/11/2018',16,9,2,1,9,1),(1734,'14/4/2019',9,16,0,1,28,1),(1735,'6/11/2018',15,8,0,1,9,1),(1736,'14/4/2019',8,15,1,0,28,1),(1737,'6/11/2018',14,7,1,0,9,1),(1738,'14/4/2019',7,14,2,1,28,1),(1739,'6/11/2018',13,6,2,1,9,1),(1740,'14/4/2019',6,13,2,2,28,1),(1741,'6/11/2018',12,5,1,2,9,1),(1742,'14/4/2019',5,12,1,3,28,1),(1743,'6/11/2018',11,4,1,3,9,1),(1744,'14/4/2019',4,11,1,2,28,1),(1745,'6/11/2018',2,3,0,1,9,1),(1746,'14/4/2019',3,2,0,0,28,1),(1747,'13/11/2018',1,21,2,1,10,1),(1748,'21/4/2019',21,1,0,1,29,1),(1749,'13/11/2018',20,10,0,2,10,1),(1750,'21/4/2019',10,20,1,0,29,1),(1751,'13/11/2018',18,9,1,3,10,1),(1752,'21/4/2019',9,18,1,2,29,1),(1753,'13/11/2018',17,8,1,1,10,1),(1754,'21/4/2019',8,17,4,0,29,1),(1755,'13/11/2018',16,7,1,1,10,1),(1756,'21/4/2019',7,16,2,4,29,1),(1757,'13/11/2018',15,6,3,1,10,1),(1758,'21/4/2019',6,15,6,2,29,1),(1759,'13/11/2018',14,5,5,3,10,1),(1760,'21/4/2019',5,14,4,0,29,1),(1761,'13/11/2018',13,4,1,1,10,1),(1762,'21/4/2019',4,13,2,2,29,1),(1763,'13/11/2018',12,3,1,3,10,1),(1764,'21/4/2019',3,12,2,2,29,1),(1765,'13/11/2018',11,2,1,1,10,1),(1766,'21/4/2019',2,11,0,0,29,1),(1767,'24/11/2018',1,10,1,2,11,1),(1768,'29/4/2019',10,1,0,1,30,1),(1769,'24/11/2018',21,9,0,4,11,1),(1770,'29/4/2019',9,21,1,1,30,1),(1771,'24/11/2018',20,8,0,2,11,1),(1772,'29/4/2019',8,20,1,3,30,1),(1773,'24/11/2018',18,7,1,0,11,1),(1774,'29/4/2019',7,18,0,1,30,1),(1775,'24/11/2018',17,6,0,2,11,1),(1776,'29/4/2019',6,17,1,3,30,1),(1777,'24/11/2018',16,5,0,2,11,1),(1778,'29/4/2019',5,16,1,1,30,1),(1779,'24/11/2018',15,4,0,1,11,1),(1780,'29/4/2019',4,15,1,2,30,1),(1781,'24/11/2018',14,3,0,0,11,1),(1782,'29/4/2019',3,14,1,1,30,1),(1783,'24/11/2018',13,2,0,2,11,1),(1784,'29/4/2019',2,13,1,3,30,1),(1785,'24/11/2018',12,11,0,2,11,1),(1786,'29/4/2019',11,12,1,1,30,1),(1787,'1/12/2018',1,9,0,0,12,1),(1788,'7/5/2019',9,1,1,1,31,1),(1789,'1/12/2018',10,8,1,2,12,1),(1790,'7/5/2019',8,10,0,3,31,1),(1791,'1/12/2018',21,7,1,2,12,1),(1792,'7/5/2019',7,21,2,1,31,1),(1793,'1/12/2018',20,6,1,0,12,1),(1794,'7/5/2019',6,20,0,1,31,1),(1795,'1/12/2018',18,5,1,4,12,1),(1796,'7/5/2019',5,18,2,1,31,1),(1797,'1/12/2018',17,4,3,2,12,1),(1798,'7/5/2019',4,17,2,3,31,1),(1799,'1/12/2018',16,3,1,2,12,1),(1800,'7/5/2019',3,16,0,0,31,1),(1801,'1/12/2018',15,2,1,1,12,1),(1802,'7/5/2019',2,15,2,1,31,1),(1803,'1/12/2018',14,11,0,2,12,1),(1804,'7/5/2019',11,14,1,1,31,1),(1805,'1/12/2018',13,12,0,2,12,1),(1806,'7/5/2019',12,13,1,2,31,1),(1807,'8/12/2018',1,8,1,3,13,1),(1808,'14/5/2019',8,1,0,3,32,1),(1809,'8/12/2018',9,7,2,2,13,1),(1810,'14/5/2019',7,9,2,1,32,1),(1811,'8/12/2018',10,6,1,0,13,1),(1812,'14/5/2019',6,10,0,0,32,1),(1813,'8/12/2018',21,5,1,0,13,1),(1814,'14/5/2019',5,21,1,1,32,1),(1815,'8/12/2018',20,4,2,2,13,1),(1816,'14/5/2019',4,20,2,3,32,1),(1817,'8/12/2018',18,3,0,2,13,1),(1818,'14/5/2019',3,18,1,1,32,1),(1819,'8/12/2018',17,2,4,0,13,1),(1820,'14/5/2019',2,17,1,1,32,1),(1821,'8/12/2018',16,11,2,2,13,1),(1822,'14/5/2019',11,16,0,3,32,1),(1823,'8/12/2018',15,12,1,2,13,1),(1824,'14/5/2019',12,15,2,1,32,1),(1825,'8/12/2018',14,13,1,0,13,1),(1826,'14/5/2019',13,14,0,1,32,1),(1827,'15/12/2018',1,7,4,2,14,1),(1828,'21/5/2019',7,1,1,3,33,1),(1829,'15/12/2018',8,6,2,2,14,1),(1830,'21/5/2019',6,8,0,1,33,1),(1831,'15/12/2018',9,5,1,0,14,1),(1832,'21/5/2019',5,9,4,1,33,1),(1833,'15/12/2018',10,4,1,2,14,1),(1834,'21/5/2019',4,10,2,3,33,1),(1835,'15/12/2018',21,3,0,3,14,1),(1836,'21/5/2019',3,21,1,2,33,1),(1837,'15/12/2018',20,2,1,1,14,1),(1838,'21/5/2019',2,20,1,0,33,1),(1839,'15/12/2018',18,11,1,1,14,1),(1840,'21/5/2019',11,18,2,1,33,1),(1841,'15/12/2018',17,12,0,1,14,1),(1842,'21/5/2019',12,17,3,1,33,1),(1843,'15/12/2018',16,13,2,1,14,1),(1844,'21/5/2019',13,16,1,2,33,1),(1845,'15/12/2018',15,14,2,2,14,1),(1846,'21/5/2019',14,15,3,3,33,1),(1847,'22/12/2018',1,6,3,2,15,1),(1848,'28/5/2019',6,1,3,5,34,1),(1849,'22/12/2018',7,5,2,4,15,1),(1850,'28/5/2019',5,7,0,1,34,1),(1851,'22/12/2018',8,4,1,2,15,1),(1852,'28/5/2019',4,8,5,0,34,1),(1853,'22/12/2018',9,3,6,3,15,1),(1854,'28/5/2019',3,9,4,2,34,1),(1855,'22/12/2018',10,2,0,1,15,1),(1856,'28/5/2019',2,10,1,0,34,1),(1857,'22/12/2018',21,11,2,1,15,1),(1858,'28/5/2019',11,21,3,2,34,1),(1859,'22/12/2018',20,12,2,3,15,1),(1860,'28/5/2019',12,20,1,5,34,1),(1861,'22/12/2018',18,13,0,4,15,1),(1862,'28/5/2019',13,18,1,1,34,1),(1863,'22/12/2018',17,14,2,2,15,1),(1864,'28/5/2019',14,17,3,3,34,1),(1865,'22/12/2018',16,15,2,0,15,1),(1866,'28/5/2019',15,16,1,1,34,1),(1867,'29/12/2018',1,5,0,0,16,1),(1868,'7/6/2019',5,1,1,3,35,1),(1869,'29/12/2018',6,4,4,6,16,1),(1870,'7/6/2019',4,6,4,5,35,1),(1871,'29/12/2018',7,3,1,4,16,1),(1872,'7/6/2019',3,7,0,1,35,1),(1873,'29/12/2018',8,2,1,2,16,1),(1874,'7/6/2019',2,8,4,1,35,1),(1875,'29/12/2018',9,11,3,0,16,1),(1876,'7/6/2019',11,9,2,1,35,1),(1877,'29/12/2018',10,12,0,2,16,1),(1878,'7/6/2019',12,10,1,3,35,1),(1879,'29/12/2018',21,13,2,1,16,1),(1880,'7/6/2019',13,21,3,2,35,1),(1881,'29/12/2018',20,14,1,0,16,1),(1882,'7/6/2019',14,20,0,1,35,1),(1883,'29/12/2018',18,15,0,4,16,1),(1884,'7/6/2019',15,18,0,5,35,1),(1885,'29/12/2018',17,16,0,2,16,1),(1886,'7/6/2019',16,17,1,3,35,1),(1887,'14/1/2019',1,4,2,2,17,1),(1888,'14/6/2019',4,1,NULL,NULL,36,1),(1889,'14/1/2019',5,3,2,0,17,1),(1890,'14/6/2019',3,5,NULL,NULL,36,1),(1891,'14/1/2019',6,2,0,1,17,1),(1892,'14/6/2019',2,6,NULL,NULL,36,1),(1893,'14/1/2019',7,11,2,2,17,1),(1894,'14/6/2019',11,7,NULL,NULL,36,1),(1895,'14/1/2019',8,12,1,3,17,1),(1896,'14/6/2019',12,8,NULL,NULL,36,1),(1897,'14/1/2019',9,13,1,6,17,1),(1898,'14/6/2019',13,9,NULL,NULL,36,1),(1899,'14/1/2019',10,14,0,5,17,1),(1900,'14/6/2019',14,10,NULL,NULL,36,1),(1901,'14/1/2019',21,15,2,4,17,1),(1902,'14/6/2019',15,21,NULL,NULL,36,1),(1903,'14/1/2019',20,16,1,1,17,1),(1904,'14/6/2019',16,20,NULL,NULL,36,1),(1905,'14/1/2019',18,17,0,1,17,1),(1906,'14/6/2019',17,18,NULL,NULL,36,1),(1907,'21/1/2019',1,3,1,0,18,1),(1908,'19/6/2019',3,1,NULL,NULL,37,1),(1909,'21/1/2019',4,2,2,0,18,1),(1910,'19/6/2019',2,4,NULL,NULL,37,1),(1911,'21/1/2019',5,11,0,0,18,1),(1912,'19/6/2019',11,5,NULL,NULL,37,1),(1913,'21/1/2019',6,12,1,1,18,1),(1914,'19/6/2019',12,6,NULL,NULL,37,1),(1915,'21/1/2019',7,13,2,2,18,1),(1916,'19/6/2019',13,7,NULL,NULL,37,1),(1917,'21/1/2019',8,14,3,3,18,1),(1918,'19/6/2019',14,8,NULL,NULL,37,1),(1919,'21/1/2019',9,15,2,1,18,1),(1920,'19/6/2019',15,9,NULL,NULL,37,1),(1921,'21/1/2019',10,16,0,0,18,1),(1922,'19/6/2019',16,10,NULL,NULL,37,1),(1923,'21/1/2019',21,17,0,1,18,1),(1924,'19/6/2019',17,21,NULL,NULL,37,1),(1925,'21/1/2019',20,18,1,3,18,1),(1926,'19/6/2019',18,20,NULL,NULL,37,1),(1927,'28/1/2019',1,2,0,4,19,1),(1928,'26/6/2019',2,1,NULL,NULL,38,1),(1929,'28/1/2019',3,11,1,0,19,1),(1930,'26/6/2019',11,3,NULL,NULL,38,1),(1931,'28/1/2019',4,12,2,1,19,1),(1932,'26/6/2019',12,4,NULL,NULL,38,1),(1933,'28/1/2019',5,13,3,1,19,1),(1934,'26/6/2019',13,5,NULL,NULL,38,1),(1935,'28/1/2019',6,14,0,2,19,1),(1936,'26/6/2019',14,6,NULL,NULL,38,1),(1937,'28/1/2019',7,15,1,5,19,1),(1938,'26/6/2019',15,7,NULL,NULL,38,1),(1939,'28/1/2019',8,16,0,4,19,1),(1940,'26/6/2019',16,8,NULL,NULL,38,1),(1941,'28/1/2019',9,17,2,1,19,1),(1942,'26/6/2019',17,9,NULL,NULL,38,1),(1943,'28/1/2019',10,18,3,0,19,1),(1944,'26/6/2019',18,10,NULL,NULL,38,1),(1945,'28/1/2019',21,20,1,0,19,1),(1946,'26/6/2019',20,21,NULL,NULL,38,1),(1977,NULL,140,148,1,1,1,64),(1978,NULL,148,140,NULL,NULL,10,64),(1979,NULL,141,149,2,3,1,64),(1980,NULL,149,141,NULL,NULL,10,64),(1981,NULL,142,150,1,1,1,64),(1982,NULL,150,142,NULL,NULL,10,64),(1983,NULL,146,151,2,2,1,64),(1984,NULL,151,146,NULL,NULL,10,64),(1985,NULL,147,152,1,3,1,64),(1986,NULL,152,147,NULL,NULL,10,64),(1987,NULL,140,149,2,3,2,64),(1988,NULL,149,140,NULL,NULL,11,64),(1989,NULL,148,150,1,2,2,64),(1990,NULL,150,148,NULL,NULL,11,64),(1991,NULL,141,151,2,2,2,64),(1992,NULL,151,141,NULL,NULL,11,64),(1993,NULL,142,152,4,1,2,64),(1994,NULL,152,142,NULL,NULL,11,64),(1995,NULL,146,147,1,0,2,64),(1996,NULL,147,146,NULL,NULL,11,64),(1997,NULL,140,150,2,0,3,64),(1998,NULL,150,140,NULL,NULL,12,64),(1999,NULL,149,151,1,0,3,64),(2000,NULL,151,149,NULL,NULL,12,64),(2001,NULL,148,152,0,1,3,64),(2002,NULL,152,148,NULL,NULL,12,64),(2003,NULL,141,147,1,2,3,64),(2004,NULL,147,141,NULL,NULL,12,64),(2005,NULL,142,146,0,1,3,64),(2006,NULL,146,142,NULL,NULL,12,64),(2007,NULL,140,151,1,0,4,64),(2008,NULL,151,140,NULL,NULL,13,64),(2009,NULL,150,152,2,1,4,64),(2010,NULL,152,150,NULL,NULL,13,64),(2011,NULL,149,147,0,2,4,64),(2012,NULL,147,149,NULL,NULL,13,64),(2013,NULL,148,146,0,3,4,64),(2014,NULL,146,148,NULL,NULL,13,64),(2015,NULL,141,142,1,2,4,64),(2016,NULL,142,141,NULL,NULL,13,64),(2017,NULL,140,152,2,1,5,64),(2018,NULL,152,140,NULL,NULL,14,64),(2019,NULL,151,147,0,0,5,64),(2020,NULL,147,151,NULL,NULL,14,64),(2021,NULL,150,146,1,1,5,64),(2022,NULL,146,150,NULL,NULL,14,64),(2023,NULL,149,142,2,1,5,64),(2024,NULL,142,149,NULL,NULL,14,64),(2025,NULL,148,141,1,1,5,64),(2026,NULL,141,148,NULL,NULL,14,64),(2027,NULL,140,147,0,2,6,64),(2028,NULL,147,140,NULL,NULL,15,64),(2029,NULL,152,146,1,0,6,64),(2030,NULL,146,152,NULL,NULL,15,64),(2031,NULL,151,142,0,3,6,64),(2032,NULL,142,151,NULL,NULL,15,64),(2033,NULL,150,141,1,2,6,64),(2034,NULL,141,150,NULL,NULL,15,64),(2035,NULL,149,148,0,1,6,64),(2036,NULL,148,149,NULL,NULL,15,64),(2037,NULL,140,146,1,5,7,64),(2038,NULL,146,140,NULL,NULL,16,64),(2039,NULL,147,142,2,4,7,64),(2040,NULL,142,147,NULL,NULL,16,64),(2041,NULL,152,141,3,1,7,64),(2042,NULL,141,152,NULL,NULL,16,64),(2043,NULL,151,148,2,0,7,64),(2044,NULL,148,151,NULL,NULL,16,64),(2045,NULL,150,149,4,0,7,64),(2046,NULL,149,150,NULL,NULL,16,64),(2047,NULL,140,142,2,1,8,64),(2048,NULL,142,140,NULL,NULL,17,64),(2049,NULL,146,141,5,0,8,64),(2050,NULL,141,146,NULL,NULL,17,64),(2051,NULL,147,148,4,2,8,64),(2052,NULL,148,147,NULL,NULL,17,64),(2053,NULL,152,149,1,3,8,64),(2054,NULL,149,152,NULL,NULL,17,64),(2055,NULL,151,150,0,5,8,64),(2056,NULL,150,151,NULL,NULL,17,64),(2057,NULL,140,141,1,4,9,64),(2058,NULL,141,140,NULL,NULL,18,64),(2059,NULL,142,148,2,1,9,64),(2060,NULL,148,142,NULL,NULL,18,64),(2061,NULL,146,149,3,4,9,64),(2062,NULL,149,146,NULL,NULL,18,64),(2063,NULL,147,150,2,0,9,64),(2064,NULL,150,147,NULL,NULL,18,64),(2065,NULL,152,151,1,1,9,64),(2066,NULL,151,152,NULL,NULL,18,64);
/*!40000 ALTER TABLE `match` ENABLE KEYS */;
UNLOCK TABLES;

--
-- Table structure for table `player`
--

DROP TABLE IF EXISTS `player`;
/*!40101 SET @saved_cs_client     = @@character_set_client */;
 SET character_set_client = utf8mb4 ;
CREATE TABLE `player` (
  `PlayerId` int(11) NOT NULL AUTO_INCREMENT,
  `name` varchar(20) NOT NULL,
  `surname` varchar(30) DEFAULT NULL,
  `age` tinyint(4) DEFAULT NULL,
  `position` varchar(10) NOT NULL,
  `goals` smallint(6) DEFAULT '0',
  `image` varchar(300) DEFAULT NULL,
  `TeamId` int(11) NOT NULL,
  PRIMARY KEY (`PlayerId`),
  KEY `fk_player_team_idx` (`TeamId`),
  CONSTRAINT `fk_player_team` FOREIGN KEY (`TeamId`) REFERENCES `team` (`TeamId`)
) ENGINE=InnoDB AUTO_INCREMENT=925 DEFAULT CHARSET=utf8mb4 COLLATE=utf8mb4_0900_ai_ci;
/*!40101 SET character_set_client = @saved_cs_client */;

--
-- Dumping data for table `player`
--

LOCK TABLES `player` WRITE;
/*!40000 ALTER TABLE `player` DISABLE KEYS */;
INSERT INTO `player` VALUES (1,'Juan Luis','Moreno Calderon',19,'Delantero',56,NULL,1),(11,'Manuel','Martín Rodriguez',25,'Portero',0,NULL,1),(12,'Raul','Bonachera',35,'ExtremoIzq',7,NULL,1),(22,'Ronaldinho','Gaucho',34,'ExtremoIzq',23,NULL,1),(23,'Leo','Messi',32,'Delantero',35,NULL,1),(24,'Victor','Mejia',17,'Central',4,NULL,1),(26,'Cristiano','Ronaldo',41,'ExtremoIzq',3,NULL,1),(27,'Luis','Suarez',34,'Delantero',21,NULL,1),(28,'Carles','Puyol',45,'Central',10,NULL,1),(29,'Rodrigo','Sarmiento Calderon',29,'Delantero',34,NULL,1),(39,'Victor','Valdes',41,'Portero',0,NULL,1),(40,'Fernando','Torres',23,'Delantero',32,NULL,1),(41,'Iker ','Casillas',44,'Portero',0,NULL,1),(42,'Juan ','Carlos Valerón',24,'Medio',21,NULL,1),(43,'David ','Villa',45,'Delantero',42,NULL,1),(44,'Joaquín ','Sanchez',45,'ExtremoDer',21,NULL,2),(45,'Fernando','Portillo',31,'Delantero',2,NULL,2),(57,'Cristina','Nunez Parra',26,'Delantero',23,NULL,2),(88,'Fernando','Pacheco',26,'Portero',0,NULL,2),(139,'Antonio ','Sivera',21,'Delantero',8,NULL,2),(140,'Saúl','García',25,'ExtremoIzq',6,NULL,2),(141,'Rafa','Navarro',26,'Central',1,NULL,2),(142,'Oliver','Verdon',31,'Delantero',23,NULL,2),(143,'Tachi','García',38,'ExtremoDer',14,NULL,2),(144,'Rubén','Duarte',25,'Portero',0,NULL,2),(145,'Rodrigo','Ely',18,'ExtremoIzq',11,NULL,2),(146,'Victor','Laguardia',19,'Medio',2,NULL,2),(147,'Guillermo','Maripán',20,'Central',1,NULL,2),(148,'XImo','Navarro',25,'Delantero',0,NULL,2),(149,'Adrian','Marin',29,'Central',0,NULL,2),(150,'Martín','Aguirregabiria',30,'ExtremoDer',0,NULL,3),(151,'Nando','García',31,'LateralIzq',0,NULL,3),(152,'Aleix','Vidal',28,'Delantero',12,NULL,3),(153,'Jeando','Fuchs',35,'LateralDer',1,NULL,3),(154,'Pere','Pons',34,'Medio',2,NULL,3),(155,'Javier','Muñoz',24,'Medio',1,NULL,3),(156,'Tomás','Pina',19,'LateralDer',0,NULL,3),(157,'Burgui','Vidal',18,'Delantero',14,NULL,3),(158,'Dani','Torres',20,'Central',0,NULL,3),(159,'Mubarak','García',21,'Medio',8,NULL,3),(160,'Joselu','Wakaso',20,'Central',0,NULL,3),(161,'John','Guidetti',29,'LateralIzq',0,NULL,3),(162,'Patrick','Twusami',17,'Portero',0,NULL,3),(163,'Ermedin','Demirovic',19,'Medio',1,NULL,3),(186,'Antonio','Adán',20,'Portero',0,NULL,3),(187,'Jan','Oblak',21,'Medio',2,NULL,3),(188,'José','Gimenezz',26,'Medio',5,NULL,3),(189,'Santiago','Arias',25,'LateralIzq',1,NULL,3),(190,'Renan','Lodi',24,'Central',0,NULL,3),(191,'Stefan','Savic',18,'Portero',0,NULL,4),(192,'Felipe','Martín',17,'LateralIzq',2,NULL,4),(193,'Mario','Hermoso',19,'ExtremoIzq',9,NULL,4),(194,'Kieran','Trippier',29,'Central',2,NULL,4),(195,'Sime','Vrsaljko',32,'ExtremoIzq',4,NULL,4),(196,'Thomas','Partey',34,'Delantero',21,NULL,4),(197,'Koke','López',20,'Medio',5,NULL,4),(198,'Saul','Ñiguez',25,'ExtremoDer',1,NULL,4),(199,'Marcos','Lemar',24,'Medio',8,NULL,4),(200,'Héctor','Llorente',21,'Portero',0,NULL,4),(201,'Vitolo','Herrera',23,'ExtremoDer',1,NULL,4),(202,'Joao','Felix',17,'Medio',1,NULL,4),(203,'Alvaro','Morata',16,'LateralDer',0,NULL,4),(204,'Ángel','Correa',36,'Medio',9,NULL,4),(205,'Ivan','Saponjic',28,'LateralDer',2,NULL,5),(206,'Diego','Costa',27,'Central',0,NULL,5),(207,'Nikola','Kalinic',26,'Delantero',1,NULL,5),(208,'Marc-André','ter Stegen',20,'Portero',0,NULL,5),(209,'Neto','Martín',21,'Central',1,NULL,5),(210,'Nélson','Semedo',25,'Medio',2,NULL,5),(211,'Gerard','Piqué',24,'Medio',3,NULL,5),(212,'Jean-Clair','Todibo',23,'Central',1,NULL,5),(213,'Clément','Lenglet',25,'LateralIzq',0,NULL,5),(214,'Moussa','Wagué',28,'Medio',0,NULL,5),(215,'Jordi','Alba',16,'Central',1,NULL,5),(216,'Samuel','Umtiti',19,'Medio',2,NULL,5),(217,'Júnior','Firpo',35,'LateralDer',0,NULL,5),(218,'Ivan','Rakitic',32,'LateralDer',0,NULL,5),(219,'Sergio','Busquets',30,'Medio',5,NULL,5),(220,'Coutinho','Perez',28,'LateralIzq',2,NULL,5),(221,'Arthur','Melo',25,'ExtremoIzq',9,NULL,5),(222,'Rafinha','López',24,'Delantero',12,NULL,6),(223,'Carles','Aleñá',22,'ExtremoIzq',1,NULL,6),(224,'Frenkei','de Jong',21,'LateralIzq',0,NULL,6),(225,'Arturo','Vidal',20,'ExtremoDer',1,NULL,6),(226,'Lionel','Messi',18,'Delantero',32,NULL,6),(227,'Ousmane','Dembelé',17,'ExtremoDer',2,NULL,6),(228,'Antoine','Griezmann',29,'Delantero',1,NULL,6),(229,'Sergio','Álvarez',18,'Portero',0,NULL,6),(230,'Rubén','Blanco',18,'LateralIzq',1,NULL,6),(231,'Hugo','Mallo',19,'LateralDer',0,NULL,6),(232,'David','Costas',19,'LateralIzq',0,NULL,6),(233,'Néstor','Araújo',20,'Central',2,NULL,6),(234,'Lucas','Olaza',20,'LateralDer',0,NULL,6),(235,'David','Juncá',21,'Central',0,NULL,6),(236,'Kevin','Vázquez',21,'Medio',5,NULL,6),(237,'Okay','Yokuslu',22,'Medio',4,NULL,7),(238,'Denis','Suárez',22,'Medio',1,NULL,7),(239,'Fran','Beltrán',25,'ExtremoIzq',1,NULL,7),(240,'Stanislav','Lobotka',28,'Portero',0,NULL,7),(241,'Jozabed','Sánchez',35,'ExtremoIzq',1,NULL,7),(242,'Brais','Méndez',31,'Delantero',9,NULL,7),(243,'Iago','Aspas',29,'ExtremoDer',0,NULL,7),(244,'Pione','Sisto',28,'Delantero',1,NULL,7),(245,'Gabriel','Fernández',31,'ExtremoDer',0,NULL,7),(246,'Santi','Mina',34,'Delantero',0,NULL,7),(247,'Marko','Dmitrovic',32,'Medio',2,NULL,7),(248,'Yoel','Rodríguez',25,'Medio',2,NULL,7),(249,'Jordi','Calavera',17,'Delantero',8,NULL,7),(250,'Pedro','Bigas',16,'Medio',1,NULL,7),(251,'Iván','Ramis',22,'ExtremoDer',4,NULL,7),(252,'Álvaro','Tejero',29,'Portero',0,NULL,7),(253,'Paulo','Oliveira',35,'Delantero',1,NULL,7),(254,'Cote','Moreno',31,'ExtremoIzq',1,NULL,7),(255,'Rober','Correa',24,'ExtremoIzq',2,NULL,8),(256,'Anaitz','Arbilla',26,'ExtremoDer',0,NULL,8),(257,'Esteban','Burgos',25,'LateralDer',0,NULL,8),(258,'Gonzalo','Escalante',24,'Portero',0,NULL,8),(259,'Sergio','Álvarez',27,'LateralIzq',0,NULL,8),(260,'Pape','Diop',19,'Central',0,NULL,8),(261,'Edu','Expósito',25,'ExtremoIzq',1,NULL,8),(262,'Fabián','Orellana',25,'Central',1,NULL,8),(263,'Pablo','De Blasis',36,'LateralIzq',2,NULL,8),(264,'Pedro','León',31,'Medio',0,NULL,8),(265,'Takashi','Inui',22,'LateralIzq',1,NULL,8),(266,'Quique','González',23,'Medio',0,NULL,8),(267,'Sergi','Enrich',28,'LateralDer',1,NULL,8),(268,'Kike','García',27,'Central',0,NULL,8),(269,'Charles','Corominas',22,'ExtremoDer',6,NULL,8),(270,'Nano','Mesa',17,'LateralDer',2,NULL,9),(271,'Andres','Prieto',16,'Medio',1,NULL,9),(272,'Diego','López',19,'LateralDer',2,NULL,9),(273,'Adrián','López',25,'Central',1,NULL,9),(274,'Pipa','Martín',24,'LateralDer',1,NULL,9),(275,'Adriá','Pedrosa',21,'Central',6,NULL,9),(276,'Naldo','Moreno',23,'Portero',0,NULL,9),(277,'Lluis','López',29,'LateralDer',1,NULL,9),(278,'David','López',25,'LateralDer',2,NULL,9),(279,'Javi','López',21,'Medio',5,NULL,9),(280,'Dídac','Vilá',20,'Portero',0,NULL,9),(281,'Bernardo','Espinosa',21,'Medio',12,NULL,9),(282,'Víctor','Sánchez',35,'Portero',0,NULL,9),(283,'Ander','Iturraspe',36,'LateralIzq',1,NULL,9),(284,'Sergi','Darder',30,'ExtremoDer',0,NULL,10),(285,'Óscar','Melendo',31,'Delantero',15,NULL,10),(286,'Álex','López',28,'ExtremoIzq',1,NULL,10),(287,'Pablo','Piatti',25,'Delantero',8,NULL,10),(288,'Marc','Roca',21,'LateralIzq',0,NULL,10),(289,'Matías','Vargas',20,'Medio',0,NULL,10),(290,'Esteban','Granero',21,'ExtremoDer',0,NULL,10),(291,'Pol','Lozano',19,'Medio',0,NULL,10),(292,'Nicolás','Melamed',17,'ExtremoIzq',1,NULL,10),(293,'Facundo','Ferreyra',20,'Central',2,NULL,10),(294,'Javier','Puado',25,'Delantero',6,NULL,10),(295,'Wu','Lei',26,'ExtremoDer',0,NULL,10),(296,'Víctor','Campuzano',29,'Delantero',0,NULL,10),(297,'Leandro','Chichizola',20,'Portero',0,NULL,10),(298,'David','Soria',25,'LateralIzq',1,NULL,10),(299,'Rubén','Yañez',20,'Delantero',2,NULL,10),(300,'Djené','Dakoman',29,'ExtremoDer',1,NULL,10),(301,'Vitorino','Antunes',35,'Medio',0,NULL,11),(302,'Bruno','González',31,'ExtremoIzq',0,NULL,11),(303,'Leandro','Cabrera',19,'Medio',8,NULL,11),(304,'Mathías','Olivera',25,'Delantero',1,NULL,11),(305,'Damián','Suaréz',20,'ExtremoIzq',1,NULL,11),(306,'Markel','Bergara',17,'Medio',6,NULL,11),(307,'Francisco','Portillo',20,'Central',0,NULL,11),(308,'Mauro','Arambarri',36,'Medio',0,NULL,11),(309,'Nemanja','Maksimovic',32,'ExtremoDer',4,NULL,11),(310,'Iván','Alejo',29,'Delantero',9,NULL,11),(311,'Jaime','Mata',28,'LateralDer',0,NULL,11),(312,'Ángel','Rodríguez',25,'ExtremoDer',10,NULL,11),(313,'Jorge','Molina',34,'Central',15,NULL,11),(314,'Rui','Silva',19,'Portero',0,NULL,11),(315,'Aarón','Escandell',17,'LateralDer',1,NULL,11),(316,'Bernardo','Cruz',28,'Central',2,NULL,11),(317,'Álex','Martínez',16,'LateralDer',0,NULL,12),(318,'José Antonio','Martínez',31,'LateralIzq',0,NULL,12),(319,'Germán','Sánchez',20,'Central',1,NULL,12),(320,'Víctor','Díaz',25,'ExtremoDer',0,NULL,12),(321,'Quini','Moreno',24,'Medio',6,NULL,12),(322,'Neyder','Lozano',23,'Central',0,NULL,12),(323,'Domingos','Duarte',34,'LateralIzq',1,NULL,12),(324,'Álvaro','Vadillo',31,'Portero',0,NULL,12),(325,'Yan','Eteki',19,'Medio',5,NULL,12),(326,'Antonio','Puertas',25,'LateralIzq',0,NULL,12),(327,'Ramón','Azeez',20,'ExtremoDer',9,NULL,12),(328,'Fede','Vico',21,'ExtremoIzq',2,NULL,12),(329,'Ángel','Montoro',20,'Medio',6,NULL,12),(330,'Yangel','Herrera',18,'ExtremoIzq',0,NULL,12),(331,'Roberto','Soldado',19,'Medio',12,NULL,12),(332,'Rodri','Sarmiento',20,'Delantero',16,NULL,12),(333,'Adrián','Ramos',21,'Medio',0,NULL,13),(334,'Darwin','Machís',36,'Delantero',2,NULL,13),(631,'Iván','Cuéllar',19,'Portero',0,NULL,13),(632,'Juan','Soriano',20,'Central',1,NULL,13),(633,'André','Grandi',19,'Medio',2,NULL,13),(634,'Marc','Navaroo',25,'Medio',1,NULL,13),(635,'Unai','Bustinza',26,'ExtremoIzq',0,NULL,13),(636,'Jonathan','Silva',24,'LateralIzq',4,NULL,13),(637,'Rodrigo','Tarín',28,'Central',1,NULL,13),(638,'Roberto','Rosales',35,'Delantero',19,NULL,13),(639,'DImitrios','Siovas',31,'Central',2,NULL,13),(640,'Vasyl','Kravets',30,'Medio',0,NULL,13),(641,'Josua','Mejías',17,'Delantero',0,NULL,13),(642,'Álex','Martín',18,'Delantero',0,NULL,13),(643,'Recio','Moreno',26,'Central',1,NULL,13),(644,'Alexander','Szymanowski',38,'Delantero',2,NULL,13),(645,'Javier','Eraso',24,'Portero',0,NULL,14),(646,'Fede','Varela',20,'LateralDer',1,NULL,14),(647,'Rubén','Pérez',21,'ExtremoIzq',0,NULL,14),(648,'Óscar','Rodríguez',24,'LateralIzq',0,NULL,14),(649,'Facundo','García',25,'Central',0,NULL,14),(650,'Martin','Braithwaite',26,'Medio',0,NULL,14),(651,'Sabin','Merino',27,'LateralDer',0,NULL,14),(652,'José','Arnaíz',31,'Delantero',2,NULL,14),(653,'Juan','Muñoz',32,'Central',0,NULL,14),(654,'Aitor','Ruibal',33,'Central',0,NULL,14),(655,'Youssef','En-Nesyri',25,'Portero',0,NULL,14),(656,'Oier','Olazábal',25,'Central',2,NULL,14),(657,'Aitor','Fernández',29,'Medio',6,NULL,14),(658,'Iván','Miramón',27,'LateralDer',2,NULL,14),(659,'Toño','López',28,'Delantero',14,NULL,14),(660,'Carlos','Moreno',20,'Delantero',0,NULL,15),(661,'ÓScar','Clrec',21,'ExtremoDer',0,NULL,15),(662,'Rúben','Duarte',20,'LateralDer',0,NULL,15),(663,'Sergio','Vezo',19,'ExtremoDer',0,NULL,15),(664,'Erick','Postigo',17,'Portero',0,NULL,15),(665,'Antonio','Cabaco',29,'Delantero',0,NULL,15),(666,'Coke','Luna',20,'ExtremoDer',2,NULL,15),(667,'Cheick','Martín',30,'ExtremoIzq',3,NULL,15),(668,'Gonzalo','Doukure',21,'Delantero',0,NULL,15),(669,'Manolo','Melero',23,'Central',0,NULL,15),(670,'Miquel','Reina',20,'Central',1,NULL,15),(671,'Martin','Parera',13,'Central',5,NULL,15),(672,'Pierre','Valjent',20,'Portero',0,NULL,15),(673,'Lumor','Cornud',13,'ExtremoDer',0,NULL,15),(674,'Aleksander','Agbenyenu',20,'Medio',0,NULL,15),(675,'Joan','Sedlar',19,'Central',0,NULL,15),(676,'Xisco','Sastre',36,'ExtremoDer',0,NULL,15),(677,'Fran','Campos',35,'ExtremoIzq',0,NULL,15),(678,'Antonio','Gámez',34,'ExtremoDer',0,NULL,15),(679,'Aleix','Raíllo',35,'Delantero',12,NULL,16),(680,'Josep','Febas',32,'Central',1,NULL,16),(681,'Marc','Señé',31,'LateralIzq',1,NULL,16),(682,'Salva','Pedraza',34,'LateralDer',1,NULL,16),(683,'Sanjin','Sevilla',32,'Portero',0,NULL,16),(684,'Enis','Pric',21,'LateralIzq',0,NULL,16),(685,'Jose Luis','Bardhi',24,'Central',2,NULL,16),(686,'Rubén','Morales',25,'Delantero',9,NULL,16),(687,'Nikola','Rochina',26,'Delantero',0,NULL,16),(688,'José','Vukcevic',24,'ExtremoIzq',0,NULL,16),(689,'Hernano','Campaá',21,'ExtremoDer',0,NULL,16),(690,'Armando','Sadiku',36,'Medio',0,NULL,16),(691,'Roger','Martí',32,'LateralDer',0,NULL,16),(692,'Sergio','Mayoral',21,'Delantero',0,NULL,16),(693,'Borja','León',25,'LateralDer',2,NULL,16),(694,'Dani','Pedraza',25,'ExtremoDer',0,NULL,17),(695,'Sergio','Sevilla',26,'Central',1,NULL,17),(696,'Iddrisu','Rodríguez',29,'ExtremoIzq',2,NULL,17),(697,'Álex','Maoyita',20,'LateralIzq',0,NULL,17),(698,'Álex','Maoyita',20,'LateralIzq',0,NULL,17),(699,'Igor','Baba',20,'LateralDer',0,NULL,17),(700,'Aleksandar','Alegria',24,'Delantero',0,NULL,17),(701,'Trajkovski','Zlatanovic',25,'ExtremoDer',0,NULL,17),(702,'Ante','Trajkovski',26,'Medio',0,NULL,17),(703,'Pablo','Budimir',30,'Portero',0,NULL,17),(704,'Aridai','Chavarria',31,'Delantero',0,NULL,17),(705,'Abdón','Cabrera',19,'Medio',1,NULL,17),(706,'Lago','Patras',17,'ExtremoDer',2,NULL,17),(707,'Sergio','Herrera',20,'Medio',0,NULL,17),(708,'Rubén','Martínez',19,'Portero',0,NULL,17),(709,'Raúl','Navas',21,'Delantero',0,NULL,18),(710,'Nacho','Vidal',25,'Portero',0,NULL,18),(711,'Endika','Irigoyen',26,'ExtremoDer',3,NULL,18),(712,'Facundo','Roncaglia',27,'LateralDer',0,NULL,18),(713,'David','García',28,'ExtremoIzq',1,NULL,18),(714,'Oier','Sanjurjo',29,'LateralIzq',0,NULL,18),(715,'Pervis','Estupiñán',19,'Medio',0,NULL,18),(716,'Unai','García',18,'LateralDer',0,NULL,18),(717,'Lillo','Moreno',30,'Delantero',0,NULL,18),(718,'Joel','Hernández',34,'Medio',0,NULL,18),(719,'Dani','Ibáñez',36,'Medio',0,NULL,18),(720,'Zouhair','Robles',20,'ExtremoDer',2,NULL,18),(721,'Marc','Martín',21,'Central',1,NULL,18),(722,'Sidnei','Feddal',25,'Delantero',15,NULL,18),(723,'Anonio','Bartra',23,'Delantero',3,NULL,20),(724,'Aissa','López',26,'Medio',2,NULL,20),(725,'Emerson','Barragán',24,'LateralDer',0,NULL,20),(726,'Francis','Mandi',25,'ExtremoDer',0,NULL,20),(727,'Wilfrid','García',31,'Central',0,NULL,20),(728,'Juanjo','Kaptoum',36,'Central',0,NULL,20),(729,'Francis','Narváez',30,'ExtremoIzq',1,NULL,20),(730,'Javi','Moreno',18,'Central',0,NULL,20),(731,'Keylor','García',19,'Portero',0,NULL,20),(732,'Thibaut','Pedraza',25,'ExtremoDer',0,NULL,20),(733,'Daniel','Navas',21,'ExtremoDer',0,NULL,20),(734,'Eder','Courtois',18,'Medio',1,NULL,20),(735,'Sergio','Carvajal',26,'Delantero',2,NULL,20),(736,'Raphael','Militao',32,'Delantero',0,NULL,20),(737,'Nacho','Ramos',31,'Portero',0,NULL,20),(738,'Marcelo','Varane',30,'Medio',1,NULL,20),(739,'Álvaro','Espejo',25,'ExtremoIzq',2,NULL,20),(740,'Ferland','Odriozola',24,'LateralIzq',3,NULL,21),(741,'Toni','Mendy',26,'Central',0,NULL,21),(742,'Luka','Kroos',24,'ExtremoDer',0,NULL,21),(743,'Aridane','Modric',28,'LateralDer',2,NULL,21),(744,'Robert','Sousa',29,'Central',6,NULL,21),(745,'Fran','Ibaéz',36,'ExtremoIzq',1,NULL,21),(746,'Roberto','Pedraza',32,'Medio',2,NULL,21),(747,'Rubén','Mérida',30,'Portero',0,NULL,21),(748,'Darko','Torres',31,'Delantero',1,NULL,21),(749,'Iñigo','García',25,'Central',0,NULL,21),(750,'Luis','Brasanac',26,'Medio',5,NULL,21),(751,'Antonio','Pérez',25,'LateralDer',6,NULL,21),(752,'Marc','Perea',25,'ExtremoDer',0,NULL,21),(753,'Chimy','Otegui',24,'Central',4,NULL,21),(754,'Brandom','Cardona',19,'Medio',6,NULL,21),(755,'Adrán','Ávila',18,'Central',1,NULL,21),(756,'Juan','Villar',30,'LateralDer',8,NULL,27),(757,'Javi','Barja',36,'Central',4,NULL,27),(758,'Sergio','Canales',35,'ExtremoDer',1,NULL,27),(759,'Alfonso','Carvalho',35,'Delantero',5,NULL,27),(760,'William','Guardado',30,'ExtremoIzq',11,NULL,27),(761,'Joaquin','Lainez',25,'Central',0,NULL,27),(762,'Andrés','Iglesias',24,'Central',0,NULL,27),(763,'Diego','Fekir',19,'Delantero',0,NULL,27),(764,'Borja','Tello',25,'Portero',0,NULL,27),(765,'Juanmi','Morón',24,'Medio',12,NULL,27),(766,'Nabil','Valverde',23,'Central',0,NULL,27),(767,'Cristian','Rodríguez',24,'ExtremoDer',1,NULL,27),(768,'Loren','Vázquez',21,'Medio',0,NULL,27),(769,'Luka','Hazard',20,'Medio',1,NULL,27),(770,'Casemiro','Benzerma',21,'LateralDer',0,NULL,27),(771,'Federico','Bale',21,'Central',2,NULL,28),(772,'James','Jovic',18,'Delantero',3,NULL,28),(773,'Lucas','Asensio',19,'LateralIzq',2,NULL,28),(774,'Isco','Díaz',23,'Portero',0,NULL,28),(775,'Eden','Mariano',20,'ExtremoDer',1,NULL,28),(776,'Karim','Júnior',21,'Central',2,NULL,28),(777,'Gareth','Miramín',21,'Medio',6,NULL,28),(778,'Luka','López',26,'Delantero',6,NULL,28),(779,'Marco','Gámez',25,'ExtremoIzq',0,NULL,28),(780,'Brahim','Raíllo',24,'LateralDer',0,NULL,28),(781,'Mariano','Pedraza',25,'ExtremoDer',1,NULL,28),(782,'Rodrygo','Sevilla',26,'LateralIzq',2,NULL,28),(783,'Kike','Bustinza',25,'ExtremoIzq',0,NULL,28),(784,'Vinícus','Tarín',20,'Delantero',12,NULL,29),(848,'Javier','Pérez',25,'Medio',0,NULL,29),(849,'Manuel Jesus','Ocón',28,'Medio',2,NULL,29),(857,'Alberto','Cifuentes',18,'LateralIzq',3,NULL,29),(858,'David','Gil',19,'Delantero',6,NULL,29),(859,'Brian','Oliván',20,'Medio',5,NULL,29),(860,'Fali','Martin',25,'Medio',4,NULL,29),(861,'Marcos','Mauro',24,'LateralIzq',0,NULL,29),(862,'Carlos','Akapo',23,'Central',0,NULL,29),(863,'Juan','Cala',29,'Portero',0,NULL,29),(864,'Jean','Rhyner',17,'Central',0,NULL,29),(865,'Isaac','Carcelén',20,'Medio',1,NULL,29),(866,'Sergio','Sánchez',25,'Medio',2,NULL,29),(867,'Alfonso','Espino',23,'LateralIzq',3,NULL,29),(868,'Iván','Alejo',32,'Medio',0,NULL,29),(869,'Dani','Giménez',38,'Central',0,NULL,30),(870,'Koke','Moreno',25,'Portero',0,NULL,30),(871,'Rober','Pier',20,'ExtremoIzq',14,NULL,30),(872,'David','Simón',17,'Medio',0,NULL,30),(873,'Michele','Somma',19,'Delantero',0,NULL,30),(874,'Vasilios','Lampropoulos',25,'ExtremoIzq',2,NULL,30),(875,'Peru','Nolaskoain',21,'LateralDer',6,NULL,30),(876,'Luis','Ruiz',20,'LateralIzq',5,NULL,30),(877,'Diego','Caballo',21,'Delantero',23,NULL,30),(878,'Eneko','Bóveda',20,'Medio',0,NULL,30),(879,'Mujaid','Sadick',21,'ExtremoDer',0,NULL,30),(880,'Jorge','Valin',23,'Delantero',0,NULL,30),(881,'Miguel','Román',29,'ExtremoIzq',1,NULL,30),(882,'Edgar','Badía',28,'ExtremoIzq',2,NULL,30),(883,'Luis','Castilla',27,'Central',0,NULL,30),(884,'Primi','Moreno',36,'Central',0,NULL,31),(885,'Tekio','Martín',35,'ExtremoDer',4,NULL,31),(886,'Andoni','López',30,'Delantero',0,NULL,31),(887,'Gonzalo','Verdú',31,'Central',2,NULL,31),(888,'Dani','Calvo',20,'Portero',0,NULL,31),(889,'Juan','Cruz',28,'ExtremoDer',2,NULL,31),(890,'Óscar','Gil',24,'Central',1,NULL,31),(891,'Ramón','Folch',21,'LateralDer',2,NULL,31),(892,'José','Mari',19,'Delantero',2,NULL,31),(893,'Salvi','Sánchez',20,'LateralDer',1,NULL,31),(894,'Álex','Fernández',25,'LateralDer',1,NULL,31),(895,'Yann','Bodiger',23,'Portero',0,NULL,31),(896,'Edu','ramos',26,'Central',2,NULL,31),(897,'Josçe','Jurado',25,'Medio',3,NULL,31),(898,'Djordje','Navarro',24,'Central',5,NULL,31),(899,'Alberto','Jovanovic',35,'Medio',4,NULL,31),(900,'Caye','Perea',34,'Medio',5,NULL,32),(901,'Nano','Quintana',32,'Central',0,NULL,32),(902,'David','Mesa',25,'Delantero',0,NULL,32),(903,'Seth','Querol',24,'LateralDer',0,NULL,32),(904,'Borja','Airam',32,'ExtremoDer',0,NULL,32),(905,'Vicente','Valle',24,'LateraIzq',0,NULL,32),(906,'Ager','Gómez',28,'ExtremoIzq',0,NULL,32),(907,'Gaku','Aletxe',29,'ExtremoIzq',0,NULL,32),(908,'David','Shibasaki',21,'LateraIzq',0,NULL,32),(909,'Chrinstian','Sánchez',20,'Portero',0,NULL,32),(910,'Samuele','Santos',24,'ExtremoDer',6,NULL,32),(911,'Mamadou','Longo',19,'Delantero',0,NULL,32),(912,'Diego','Koné',17,'Medio',2,NULL,32),(913,'Norja','Rolan',24,'LateraIzq',0,NULL,32),(914,'Iván','Galán',20,'LateralDer',4,NULL,33),(915,'Fidel','Sánchez',21,'Medio',3,NULL,33),(916,'Josan','Moreno',20,'Medio',0,NULL,33),(917,'Omenuke','Lopéz',31,'ExtremoDer',1,NULL,33),(918,'Alberto','Mfufu',36,'Central',0,NULL,33),(919,'Cesar','Rubio',34,'ExtremoIzq',2,NULL,33),(920,'Nino','Moreno',20,'LateralDer',2,NULL,33),(921,'Yacine','Qasmi',21,'Delantero',9,NULL,33),(922,'Pere','Millas',24,'ExtremoDer',0,NULL,33),(923,'Claudio','Medina',26,'Portero',0,NULL,33),(924,'Nacho','Ramón',24,'ExtremoDer',0,NULL,33);
/*!40000 ALTER TABLE `player` ENABLE KEYS */;
UNLOCK TABLES;

--
-- Temporary view structure for view `qualification`
--

DROP TABLE IF EXISTS `qualification`;
/*!50001 DROP VIEW IF EXISTS `qualification`*/;
SET @saved_cs_client     = @@character_set_client;
SET character_set_client = utf8mb4;
/*!50001 CREATE VIEW `qualification` AS SELECT 
 1 AS `ID`,
 1 AS `TEAM`,
 1 AS `PTS`,
 1 AS `PG`,
 1 AS `PE`,
 1 AS `PP`*/;
SET character_set_client = @saved_cs_client;

--
-- Table structure for table `team`
--

DROP TABLE IF EXISTS `team`;
/*!40101 SET @saved_cs_client     = @@character_set_client */;
 SET character_set_client = utf8mb4 ;
CREATE TABLE `team` (
  `TeamId` int(11) NOT NULL AUTO_INCREMENT,
  `name` varchar(30) NOT NULL,
  `locality` varchar(40) DEFAULT NULL,
  `badge` varchar(300) DEFAULT NULL,
  `coach` varchar(45) DEFAULT NULL,
  `coach2` varchar(45) DEFAULT NULL,
  `contactEmail` varchar(45) DEFAULT NULL,
  `contactPhone` varchar(45) DEFAULT NULL,
  `disabled` tinyint(4) NOT NULL DEFAULT '0',
  `TournamentId` int(11) NOT NULL,
  PRIMARY KEY (`TeamId`),
  UNIQUE KEY `name_UNIQUE` (`name`),
  KEY `FK_team_tournament_idx` (`TournamentId`),
  CONSTRAINT `FK_team_tournament` FOREIGN KEY (`TournamentId`) REFERENCES `tournament` (`TournamentId`)
) ENGINE=InnoDB AUTO_INCREMENT=155 DEFAULT CHARSET=utf8mb4 COLLATE=utf8mb4_0900_ai_ci;
/*!40101 SET character_set_client = @saved_cs_client */;

--
-- Dumping data for table `team`
--

LOCK TABLES `team` WRITE;
/*!40000 ALTER TABLE `team` DISABLE KEYS */;
INSERT INTO `team` VALUES (1,'Málaga CF','Málaga','/images/badges-teams/malaga.png','Antonio Ponze','Manuel Azaña','malaga@email.com','7301066250',0,1),(2,'Sevilla FC','Sevilla','/images/badges-teams/sevilla.png','Victor fernández','Paco Jémez','sevilla@email.com','7832044380',0,1),(3,'Betis','Sevilla','/images/badges-teams/betis.png','Lucas Alcaraz',NULL,'betis@email.com','7833663539',0,1),(4,'Eibar','Gipuzkoa','/images/badges-teams/eibar.png','Pepe Mel','José Murcia','eibar@email.com','7616432318',0,1),(5,'Valencia CF','Valencia','/images/badges-teams/valencia.png','Alberto Jimenez','Enrique Martín',NULL,'6415322304',0,1),(6,'Villarreal CF','Castellón','/images/badges-teams/villarreal.png','Jagoba Arrasate',NULL,'villarreal@email.com','7616432318',0,1),(7,'Real Madrid','Madrid','/images/badges-teams/realmadrid.png','Zinedine Zidane','Antonio Pérez','realmadrid@email.com','6353614316',0,1),(8,'Atlético de Madrid','Madrid','/images/badges-teams/atletico.png','Cholo Simeone','Mono Burgos','atleticodemadrid@email.com','6875069054',0,1),(9,'RC Celta','Vigo','/images/badges-teams/celta.png','Manuel Benitez',NULL,'celta@email.com','6320620280',0,1),(10,'Athletic Club','Asturias','/images/badges-teams/bilbao.png','Santiago Abascal','Santiago Solari','bilbao@email.com','8638617271',0,1),(11,'Huesca','Huesca','/images/badges-teams/huesca.png','Pedro Sanchez','Luciano Spalletti','huesca@email.com','8569962960',0,1),(12,'Rayo Vallecano','Madrid','/images/badges-teams/rayo.png','Juan Luis Nuñez','Gennaro Gattuso',NULL,'6508238332',0,1),(13,'Getafe','Madrid','/images/badges-teams/getafe.png','Rafael Garrido','Arsène Wenger','getafe@email.com','8907228012',0,1),(14,'Levante','Valencia','/images/badges-teams/levante.png','Javier Espejo','Claude Puel','levante@email.com','626298754',0,1),(15,'Espanyol','Barcelona','/images/badges-teams/espanyol.png',NULL,NULL,'espanyol@email.com','7609970065',0,1),(16,'Alavés','Álava','/images/badges-teams/alaves.png','Rodrigo Sarmiento',NULL,NULL,'7922482363',0,1),(17,'Leganés','Madrid','/images/badges-teams/leganes.png','Javier Nuñez','Franck Passi','leganes@email.com','6660886097',0,1),(18,'Valladolid','Valladolid','/images/badges-teams/valladolid.png','Antonio Belmonte','Huub Stevens','valladolid@email.com','8939149646',0,1),(20,'Girona','Girona','/images/badges-teams/girona.png','Sergio Beltrán','Rudi García','girona@email.com','7267973586',0,1),(21,'FC Barcelona','Barcelona','/images/badges-teams/barcelona.png','Juan José Carrillo','Quique Setién','barcelona@email.com','7114715589',0,1),(27,'Albacete','Albacete','/images/badges-teams/albacete.png','Alvaro Cervera',NULL,'albacete@email.com','793867970',0,2),(28,'Alcorcón','Madrid','/images/badges-teams/alcorcon.png','Pacheta Gutierrez','Natxo González','alcorcon@email.com','7948778850',0,2),(29,'Cádiz','Cádiz','/images/badges-teams/cadiz.png','Bolo Martín',NULL,NULL,'6213721816',0,2),(30,'Almería','Almeria','/images/badges-teams/almeria.png','Luis Miguel Ramis','Imanol Idiákez','almeria@email.com','6466015233',0,2),(31,'Deportivo','La Coruña','/images/badges-teams/deportivo.png','Iván Ania',NULL,'deportivo@email.com','8960382017',0,2),(32,'Elche','Alicante','/images/badges-teams/elche.png',NULL,NULL,NULL,'7817925426',0,2),(33,'Extremadura','Badajoz','/images/badges-teams/extremadura.png','José Alberto Crespo','Marcelino García','extremadura@email.com','7953473014',0,2),(34,'Fuengalabrada','Madrid','/images/badges-teams/fuenlabrada.png','Manuel Mosquera','Mere Pérez',NULL,'6333942975',0,2),(35,'Las Palmas','Las Palmas','/images/badges-teams/laspalmas.png','Victor Sanchez',NULL,'laspalmas@email.com','6157213107',0,2),(36,'Lugo','Lugo','/images/badges-teams/lugo.png','Eloy Jiménez',NULL,'lugo@email.com','817523538',0,2),(37,'Mirandés','Burgos','/images/badges-teams/mirandes.png','Sergi Egea','Michel Ochoa','mirandes@email.com','8975921898',0,2),(38,'Granada','Granada','/images/badges-teams/granada.png','Juan Carlos Unzué',NULL,NULL,'8667089247',0,2),(39,'Numancia','Soria','/images/badges-teams/numancia.png',NULL,NULL,'numancia@email.com','8239675241',0,2),(40,'Ponferradina','León','/images/badges-teams/ponferradina.png','Fran Fernández','Rubén Baraja','ponferradina@email.com','6161551781',0,2),(41,'Racing','Santander','/images/badges-teams/racing.png','Mauricio Pochettino','Anquela López','racing@email.com','8259365124',0,2),(42,'Real Oviedo','Oviedo','/images/badges-teams/oviedo.png','Pedro Emanuel',NULL,NULL,'8199026711',0,2),(43,'Real Sporting','Gijón','/images/badges-teams/sporting.png','Jose Carlos Martín','Manuel Pellegrini','sporting@email.com','6893249408',0,2),(44,'Real Zaragoza','Zaragoza','/images/badges-teams/zaragoza.png','Luis Antonio Sarmiento','José Luis Mendilibar',NULL,'8934401788',0,2),(45,'Tenerife','Tenerife','/images/badges-teams/tenerife.png','Miguel Ángel López',NULL,'tenerife@email.com','8362759689',0,2),(46,'Osasuna','Pamplona','/images/badges-teams/osasuna.png','José Jiménez Crespo',NULL,NULL,'8563652573',0,2),(140,'Los Troncos','Málaga','/images/badges-teams/badge11.png','Juan Luis',NULL,'juanlu.calderon@gmail.com',NULL,0,64),(141,'Los Marraneros','Málaga','/images/badges-teams/badge8.png','Antonio Pérez',NULL,NULL,NULL,0,64),(142,'Los no deseados','Málaga',NULL,'Juanlu Moreno',NULL,NULL,NULL,0,64),(146,'Martiricos FC','Málaga','/images/badges-teams/badge6.png',NULL,NULL,NULL,NULL,0,64),(147,'Muelle uno UD','Málaga','/images/badges-teams/badge10.png',NULL,NULL,NULL,NULL,0,64),(148,'El Palo FC','Málaga',NULL,NULL,NULL,NULL,NULL,0,64),(149,'Los leones FC','Málaga',NULL,NULL,NULL,NULL,NULL,0,64),(150,'Los Huevones','Málaga',NULL,NULL,NULL,NULL,NULL,0,64),(151,'Los mejores del barrio','Málaga','/images/badges-teams/badge4.png',NULL,NULL,NULL,NULL,0,64),(152,'Deep Souls','Málaga','/images/badges-teams/badge3.png',NULL,NULL,NULL,NULL,0,64),(153,'asdasd','Álava',NULL,NULL,NULL,NULL,NULL,0,69);
/*!40000 ALTER TABLE `team` ENABLE KEYS */;
UNLOCK TABLES;

--
-- Table structure for table `tournament`
--

DROP TABLE IF EXISTS `tournament`;
/*!40101 SET @saved_cs_client     = @@character_set_client */;
 SET character_set_client = utf8mb4 ;
CREATE TABLE `tournament` (
  `TournamentId` int(11) NOT NULL AUTO_INCREMENT,
  `name` varchar(45) NOT NULL,
  `sport` varchar(45) NOT NULL,
  `category` varchar(45) DEFAULT NULL,
  `createdate` varchar(45) NOT NULL,
  `disabled` tinyint(4) NOT NULL DEFAULT '0',
  `UserId` int(11) NOT NULL,
  PRIMARY KEY (`TournamentId`),
  KEY `FK_tournament_user_idx` (`UserId`),
  CONSTRAINT `FK_tournament_user` FOREIGN KEY (`UserId`) REFERENCES `user` (`UserId`)
) ENGINE=InnoDB AUTO_INCREMENT=75 DEFAULT CHARSET=utf8mb4 COLLATE=utf8mb4_0900_ai_ci;
/*!40101 SET character_set_client = @saved_cs_client */;

--
-- Dumping data for table `tournament`
--

LOCK TABLES `tournament` WRITE;
/*!40000 ALTER TABLE `tournament` DISABLE KEYS */;
INSERT INTO `tournament` VALUES (1,'Primera División','Futbol','Fútbol 11','4/5/2019',0,1),(2,'Segunda División','Fútbol','Fútbol 11','7/6/2019',0,1),(3,'Liga veteranos Vélez-Málaga','Fútbol','Fútbol 7','9/8/2019',0,2),(4,'Liga juvenil Antequera','Fútbol','Fútbol 11','12/8/2019',0,2),(5,'Liga universidad Granada','Futbol','Fútbol Sala','25/8/2019',0,1),(61,'Liga Codespace','Futbol','Fútbol 11','27/8/2019',1,1),(64,'Liga Codespace Academy','Futbol','Fútbol 7','27/8/2019',0,1),(65,'Liga Almayate Senior','Fútbol','Fútbol 11','27/8/2019',0,2),(66,'nueva temporada fútbol el barrio','Fútbol','Fútbol 11','27/8/2019',0,2),(67,'otro años más','Fútbol','Fútbol Sala','27/8/2019',0,2),(68,'Champions League La Palmilla','Fútbol','Fútbol Sala','27/8/2019',0,2),(69,'Liga Verano Azul','Fútbol','Fútbol 11','28/8/2019',0,1),(70,'Liguilla de verano Benamargosa','Fútbol','Fútbol 11','28/8/2019',0,1),(71,'la mejor liga del mundo','Fútbol','Fútbol 11','28/8/2019',0,1),(72,'Liga post vacaciones','Futbol','Fútbol 11','28/8/2019',0,1),(73,'solteros contra casados','Fútbol','Fútbol 11','28/8/2019',1,2),(74,'asdasdsa','Fútbol','Fútbol 11','30/8/2019',1,1);
/*!40000 ALTER TABLE `tournament` ENABLE KEYS */;
UNLOCK TABLES;

--
-- Table structure for table `user`
--

DROP TABLE IF EXISTS `user`;
/*!40101 SET @saved_cs_client     = @@character_set_client */;
 SET character_set_client = utf8mb4 ;
CREATE TABLE `user` (
  `UserId` int(11) NOT NULL AUTO_INCREMENT,
  `email` varchar(50) NOT NULL,
  `username` varchar(30) NOT NULL,
  `name` varchar(30) NOT NULL,
  `surname` varchar(40) DEFAULT NULL,
  `password` varchar(500) NOT NULL,
  `isAdmin` tinyint(1) NOT NULL DEFAULT '0',
  `avatar` varchar(300) DEFAULT NULL,
  `isMaster` varchar(45) NOT NULL DEFAULT '0',
  `createdate` varchar(45) NOT NULL,
  PRIMARY KEY (`UserId`),
  UNIQUE KEY `email_UNIQUE` (`email`),
  UNIQUE KEY `username_UNIQUE` (`username`)
) ENGINE=InnoDB AUTO_INCREMENT=38 DEFAULT CHARSET=utf8mb4 COLLATE=utf8mb4_0900_ai_ci;
/*!40101 SET character_set_client = @saved_cs_client */;

--
-- Dumping data for table `user`
--

LOCK TABLES `user` WRITE;
/*!40000 ALTER TABLE `user` DISABLE KEYS */;
INSERT INTO `user` VALUES (1,'juanlu@email.com','Juanlu90','Juan Luis','Moreno Calderon','0fe9e47ce4428e3c1b9f712fb18bf738',1,'/images/profile/img-profile-13.png','1','20/5/2017'),(2,'cristina@email.com','cristina92','Cristina','Nuñez Parra','0c74ac34d6652b2da30488d4f38496d8',0,'/images/profile/img-profile-2.png','0','8/11/2018'),(37,'uma','uma_málaga','Universidad Málaga','','e4754ba4f4ed633f3f74997c379b3fd1',0,NULL,'0','2/9/2019');
/*!40000 ALTER TABLE `user` ENABLE KEYS */;
UNLOCK TABLES;

--
-- Final view structure for view `qualification`
--

/*!50001 DROP VIEW IF EXISTS `qualification`*/;
/*!50001 SET @saved_cs_client          = @@character_set_client */;
/*!50001 SET @saved_cs_results         = @@character_set_results */;
/*!50001 SET @saved_col_connection     = @@collation_connection */;
/*!50001 SET character_set_client      = utf8mb4 */;
/*!50001 SET character_set_results     = utf8mb4 */;
/*!50001 SET collation_connection      = utf8mb4_0900_ai_ci */;
/*!50001 CREATE ALGORITHM=UNDEFINED */
/*!50013 DEFINER=`root`@`localhost` SQL SECURITY DEFINER */
/*!50001 VIEW `qualification` AS select `a1`.`TeamId` AS `ID`,`a1`.`name` AS `TEAM`,(`a1`.`ptswin` + `a2`.`ptsdraw`) AS `PTS`,`a1`.`pg` AS `PG`,`a2`.`ptsdraw` AS `PE`,((((select count(`team`.`TeamId`) from `team` where (`team`.`TournamentId` = 1)) * 2) - `a1`.`pg`) - `a2`.`ptsdraw`) AS `PP` from ((select `t`.`TeamId` AS `TeamId`,`t`.`name` AS `name`,(3 * count(`m`.`MatchId`)) AS `ptswin`,count(`m`.`MatchId`) AS `pg`,`t`.`TournamentId` AS `TournamentId` from (`match` `m` join `team` `t`) where (((`m`.`localTeamId` = `t`.`TeamId`) and (`m`.`localteam_score` > `m`.`awayteam_score`)) or ((`m`.`awayTeamId` = `t`.`TeamId`) and (`m`.`awayteam_score` > `m`.`localteam_score`))) group by `t`.`TeamId`) `a1` join (select `t`.`TeamId` AS `TeamId`,count(`m`.`MatchId`) AS `ptsdraw`,`t`.`TournamentId` AS `TournamentId` from (`match` `m` join `team` `t`) where (((`m`.`localTeamId` = `t`.`TeamId`) and (`m`.`localteam_score` = `m`.`awayteam_score`)) or ((`m`.`awayTeamId` = `t`.`TeamId`) and (`m`.`awayteam_score` = `m`.`localteam_score`))) group by `t`.`TeamId`) `a2` on((`a1`.`TeamId` = `a2`.`TeamId`))) where ((`a1`.`TournamentId` = 1) and (`a2`.`TournamentId` = 1)) */;
/*!50001 SET character_set_client      = @saved_cs_client */;
/*!50001 SET character_set_results     = @saved_cs_results */;
/*!50001 SET collation_connection      = @saved_col_connection */;
/*!40103 SET TIME_ZONE=@OLD_TIME_ZONE */;

/*!40101 SET SQL_MODE=@OLD_SQL_MODE */;
/*!40014 SET FOREIGN_KEY_CHECKS=@OLD_FOREIGN_KEY_CHECKS */;
/*!40014 SET UNIQUE_CHECKS=@OLD_UNIQUE_CHECKS */;
/*!40101 SET CHARACTER_SET_CLIENT=@OLD_CHARACTER_SET_CLIENT */;
/*!40101 SET CHARACTER_SET_RESULTS=@OLD_CHARACTER_SET_RESULTS */;
/*!40101 SET COLLATION_CONNECTION=@OLD_COLLATION_CONNECTION */;
/*!40111 SET SQL_NOTES=@OLD_SQL_NOTES */;

-- Dump completed on 2019-09-02 23:35:48
